iso,year,data_source,country_name,A1,A2,A3,A_avg,B4,B5,B6,B_avg,C7,C8,C9,C10,C11,C_avg,D12,D13,D14,D15,D16,D_avg,portfolio,overall_rating
AFG,2006,ADB_CPA,Afghanistan,,,,,,,,,,,,,,,,,,,,,,
AFG,2007,ADB_CPA,Afghanistan,,,,,,,,,,,,,,,,,,,,,,
AFG,2008,ADB_CPA,Afghanistan,3.5,3.5,3.5,3.5,2.5,2,2.5,2.3,2,2.5,2.5,2.5,1.5,2.2,1.5,3.5,2.5,2,2,2.3,3.5,2.6
AFG,2009,ADB_CPA,Afghanistan,3.5,3.5,3.5,3.5,2.5,2.5,2.5,2.5,2,3,3,2.5,2.5,2.6,1.5,3,2.5,2.5,2,2.3,3,2.7
AFG,2010,ADB_CPA,Afghanistan,3.5,3.5,3.5,3.5,3,2.5,2.5,2.7,2,3,3,2.5,2.5,2.6,1.5,3.5,3,2.5,2.5,2.6,3,2.8
AFG,2011,ADB_CPA,Afghanistan,3.5,3.5,3.5,3.5,3,2,2.5,2.5,2,3,3,2.5,2,2.5,1.5,3.5,3.5,2.5,2.5,2.7,3,2.8
AFG,2012,ADB_CPA,Afghanistan,3.5,3.5,3.5,3.5,3.5,2,3,2.8,2,3.5,3.5,3,2.5,2.9,1.5,4,3.5,3,2.5,2.9,3.5,3
AFG,2013,ADB_CPA,Afghanistan,3.5,3,3.5,3.3,3.5,2,3,2.8,2,3,3,2.5,2,2.5,1.5,4,3.5,2.5,2,2.7,3.5,2.8
AFG,2014,ADB_CPA,Afghanistan,3.5,3,3,3.2,3.5,2,3,2.8,2,3,3,2.5,2,2.5,1.5,4,3.5,2.5,2,2.7,3.5,2.8
AFG,2015,ADB_CPA,Afghanistan,3.5,3,3,3.2,3.5,2,3,2.8,2,3,3,2.5,2,2.5,1.5,4,3.5,2.5,2,2.7,3.5,2.8
AFG,2016,ADB_CPA,Afghanistan,3,3,3,3,3.5,2,3,2.8,2,3,3,2.5,2.5,2.6,1.5,4,3.5,2.5,2,2.7,3.5,2.8
AFG,2017,ADB_CPA,Afghanistan,,,,,,,,,,,,,,,,,,,,,,
AFG,2018,ADB_CPA,Afghanistan,3,3,3,3,3.5,2,3,2.8,2.5,3,3,2.5,2,2.6,1.5,4,3.5,2.5,2,2.7,3,2.8
AFG,2019,ADB_CPA,Afghanistan,,,,,,,,,,,,,,,,,,,,,,
AFG,2020,ADB_CPA,Afghanistan,3.5,3,3,3.2,3.5,2,3,2.8,2.5,3.5,3,2.5,3,2.9,1.5,4,4,2.5,2,2.8,3,2.9
ARM,2006,ADB_CPA,Armenia,5,5,5.5,5.2,4.5,4,4,4.2,4.5,4.5,4,4.5,4,4.3,3.5,4,4,4,3.5,3.8,4.5,4.4
ARM,2007,ADB_CPA,Armenia,5.5,5.5,5.5,5.5,5,4,4,4.3,4.5,4.5,4,4.5,4,4.3,4,4,4,4,3.5,3.9,3.5,4.5
ARM,2008,ADB_CPA,Armenia,5,5,5.5,5.2,4.5,3.5,4,4,4.5,4.5,4,4.5,4,4.3,4,4.5,3.5,4,3.5,3.9,3,4.3
ARM,2009,ADB_CPA,Armenia,4.5,5,5.5,5,4.5,3.5,4,4,4.5,4.5,4,4.5,3.5,4.2,3.5,4.5,4,4,3,3.8,3,4.3
ARM,2010,ADB_CPA,Armenia,4.5,5,5,4.8,5,4.5,4.5,4.7,4.5,5,4.5,5,4,4.6,3.5,4.5,4.5,4.5,3,4,3.5,4.5
ARM,2011,ADB_CPA,Armenia,4,5,5,4.7,5,4.5,4.5,4.7,4.5,5,4.5,5,3.5,4.5,3.5,4.5,4.5,4.5,3,4,3.5,4.5
ARM,2012,ADB_CPA,Armenia,4,5,5,4.7,5,4.5,4.5,4.7,4.5,5,5,5,4,4.7,3.5,4.5,4.5,4.5,3,4,3,4.5
ARM,2013,ADB_CPA,Armenia,4,5,5,4.7,5,4.5,4.5,4.7,4.5,4.5,5,4.5,3.5,4.4,4,4.5,4.5,4.5,3.5,4.2,4.5,4.5
ARM,2014,ADB_CPA,Armenia,4,4.5,5,4.5,5,4.5,4.5,4.7,4.5,5,5,4.5,3.5,4.5,4,5,4.5,4.5,3.5,4.3,4.5,4.5
ARM,2015,ADB_CPA,Armenia,4,4.5,5,4.5,5,4.5,4.5,4.7,4.5,5,4.5,4.5,3.5,4.4,4,4.5,4.5,4.5,3.5,4.2,3.5,4.4
ARM,2016,ADB_CPA,Armenia,,,,,,,,,,,,,,,,,,,,,,
ARM,2017,ADB_CPA,Armenia,,,,,,,,,,,,,,,,,,,,,,
ARM,2018,ADB_CPA,Armenia,,,,,,,,,,,,,,,,,,,,,,
ARM,2019,ADB_CPA,Armenia,,,,,,,,,,,,,,,,,,,,,,
ARM,2020,ADB_CPA,Armenia,,,,,,,,,,,,,,,,,,,,,,
BGD,2006,ADB_CPA,Bangladesh,4.5,3.5,4.5,4.2,3,3.5,3.5,3.3,3.5,4,4,4,3,3.7,3,4,3,3,3,3.2,5,3.6
BGD,2007,ADB_CPA,Bangladesh,4.5,3.5,4.5,4.2,3,3.5,3.5,3.3,4,3.5,4,4,3,3.7,3.5,3.5,3,3,3,3.2,3.5,3.6
BGD,2008,ADB_CPA,Bangladesh,4,3.5,4.5,4,3,3.5,3.5,3.3,4,4,4,4,3.5,3.9,3.5,4,3.5,3,3,3.4,4,3.7
BGD,2009,ADB_CPA,Bangladesh,4.5,4,4.5,4.3,3,3.5,3,3.2,4,4.5,4,4,3.5,4,4,4,3.5,3.5,4,3.8,4,3.8
BGD,2010,ADB_CPA,Bangladesh,4.5,4,4.5,4.3,3,4,3,3.3,4,4.5,4,4,4,4.1,4,4,3.5,3.5,4,3.8,4.5,3.9
BGD,2011,ADB_CPA,Bangladesh,4.5,4,4.5,4.3,3,4,3,3.3,4,4.5,4,4,4,4.1,4,4,4,3.5,4,3.9,4.5,3.9
BGD,2012,ADB_CPA,Bangladesh,4.5,4,4.5,4.3,3,4,3,3.3,4.5,4.5,4.5,4,4,4.3,4,4,4,3.5,4,3.9,3,4
BGD,2013,ADB_CPA,Bangladesh,4.5,4,4.5,4.3,3.5,4,3,3.5,4.5,4.5,4.5,4,4,4.3,4,4,4,3.5,4,3.9,3.5,4
BGD,2014,ADB_CPA,Bangladesh,4.5,4.5,4.5,4.5,3.5,4,3,3.5,4.5,4.5,4.5,4,4,4.3,4,4,4,3.5,4,3.9,4.5,4.1
BGD,2015,ADB_CPA,Bangladesh,4.5,4.5,4.5,4.5,3.5,4,3,3.5,4.5,4.5,4.5,4,4,4.3,4,4,4,3.5,4,3.9,4.5,4.1
BGD,2016,ADB_CPA,Bangladesh,4.5,4,5,4.5,4,4,3,3.7,4.5,4.5,4.5,4,4,4.3,4,4,4,3.5,3.5,3.8,4.5,4.1
BGD,2017,ADB_CPA,Bangladesh,,,,,,,,,,,,,,,,,,,,,,
BGD,2018,ADB_CPA,Bangladesh,4.5,4,5,4.5,4,3.5,3,3.5,4.5,4.5,4.5,4,3.5,4.2,3.5,4,4,4,3.5,3.8,4.5,4
BGD,2019,ADB_CPA,Bangladesh,,,,,,,,,,,,,,,,,,,,,,
BGD,2020,ADB_CPA,Bangladesh,5,4.5,5.5,5,4,4,3,3.7,4.5,4.5,4.5,4,4,4.3,4,4,4,4,3.5,3.9,4,4.2
BTN,2006,ADB_CPA,Bhutan,4.5,3.5,4,4,3.5,3.5,3.5,3.5,4.5,4.5,4.5,3.5,4.5,4.2,4,4,3.5,4,4,3.9,6,3.9
BTN,2007,ADB_CPA,Bhutan,4.5,3.5,4,4,3.5,3.5,3.5,3.5,4.5,4.5,4,3.5,4.5,4.2,4,4,4,4,4,4,3.5,3.9
BTN,2008,ADB_CPA,Bhutan,4.5,3.5,4,4,3.5,3.5,3.5,3.5,4.5,4.5,4,3.5,4.5,4.2,4,4,4,4,4,4,3,3.9
BTN,2009,ADB_CPA,Bhutan,4.5,4.5,4.5,4.5,4,3,3.5,3.5,4.5,4,4.5,4,5,4.4,4.5,4.5,5,5,4.5,4.7,3,4.3
BTN,2010,ADB_CPA,Bhutan,4.5,4.5,4.5,4.5,4,3,3.5,3.5,4.5,4,4.5,4,5,4.4,4.5,4.5,5,5,4.5,4.7,3,4.3
BTN,2011,ADB_CPA,Bhutan,4.5,4.5,4.5,4.5,4,3,3.5,3.5,4.5,4,4.5,4,5,4.4,4.5,4.5,5,5,4.5,4.7,3.5,4.3
BTN,2012,ADB_CPA,Bhutan,4.5,4.5,4.5,4.5,4,3.5,3.5,3.7,4.5,4.5,5,4.5,5.5,4.8,4.5,4.5,5,5.5,4.5,4.8,3.5,4.4
BTN,2013,ADB_CPA,Bhutan,4.5,4.5,4.5,4.5,4,3.5,3.5,3.7,4.5,4.5,5,4.5,5.5,4.8,4.5,4.5,5,5.5,4.5,4.8,4,4.4
BTN,2014,ADB_CPA,Bhutan,3.5,4,4.5,4,4,4,4,4,4.5,5,5,4,5,4.7,5,4.5,5,5.5,5,5,4.5,4.4
BTN,2015,ADB_CPA,Bhutan,3.5,4,4.5,4,4,4,4,4,4.5,5,5,4,5,4.7,5,4.5,5,5.5,5,5,4.5,4.4
BTN,2016,ADB_CPA,Bhutan,4,4,4.5,4.2,4,4,4,4,4.5,5,5.5,4,5,4.8,5,4.5,5,5.5,5,5,4.5,4.5
BTN,2017,ADB_CPA,Bhutan,,,,,,,,,,,,,,,,,,,,,,
BTN,2018,ADB_CPA,Bhutan,4,4,4.5,4.2,4.5,4,4,4.2,4.5,5,5.5,4,5,4.8,5,4.5,5,5.5,5,5,3.5,4.5
BTN,2019,ADB_CPA,Bhutan,,,,,,,,,,,,,,,,,,,,,,
BTN,2020,ADB_CPA,Bhutan,4.5,4.5,4.5,4.5,4.5,4,4,4.2,4.5,5,5.5,4.5,5,4.9,5,4.5,5,5.5,5,5,4,4.6
FSM,2006,ADB_CPA,Micronesia,3.5,3.5,4,3.7,5,4,3,4,3,3,2.5,2.5,3,2.8,4,3.5,3.5,3,3.5,3.5,3,3.5
FSM,2007,ADB_CPA,Micronesia,2.5,2.5,2,2.3,4,3.5,2.5,3.3,2.5,2,3,2,3,2.5,3.5,3,3,2,3,2.9,3,2.8
FSM,2008,ADB_CPA,Micronesia,2.5,2,2.5,2.3,4,3.5,2.5,3.3,2.5,2.5,2.5,2.5,3,2.6,3.5,2.5,3,2,3,2.8,3.5,2.8
FSM,2009,ADB_CPA,Micronesia,2.5,2,2.5,2.3,4,3.5,2.5,3.3,3,2,2.5,2.5,2.5,2.5,3.5,2.5,3,2,3,2.8,3.5,2.7
FSM,2010,ADB_CPA,Micronesia,2.5,2,2.5,2.3,4,3.5,2.5,3.3,3,2,2.5,2,3,2.5,3,3,3,2,3,2.8,3.5,2.7
FSM,2011,ADB_CPA,Micronesia,2.5,2,2.5,2.3,4,3.5,2.5,3.3,3,2,2.5,2,3,2.5,3,3,3,2,3,2.8,3.5,2.7
FSM,2012,ADB_CPA,Micronesia,2.5,2.5,2.5,2.5,4,3.5,2.5,3.3,3,2.5,2.5,2,3,2.6,3,3,3,2,3,2.8,3.5,2.8
FSM,2013,ADB_CPA,Micronesia,3,2.5,2.5,2.7,4,3,2.5,3.2,3,2.5,2.5,3,3,2.8,3,3,3,2.5,3,2.9,3.5,2.9
FSM,2014,ADB_CPA,Micronesia,3,2.5,2.5,2.7,4,3.5,2.5,3.3,3,2.5,2.5,3,3,2.8,3,3,3,2.5,3.5,3,3,3
FSM,2015,ADB_CPA,Micronesia,3,2.5,2.5,2.7,4,3.5,2.5,3.3,3,2.5,2.5,3,3,2.8,3,3,3,2.5,3.5,3,3,3
FSM,2016,ADB_CPA,Micronesia,3,2.5,2.5,2.7,4,3.5,2,3.2,3,2.5,3,3,3,2.9,3,3,3,2.5,2.5,2.8,2.5,2.9
FSM,2017,ADB_CPA,Micronesia,,,,,,,,,,,,,,,,,,,,,,
FSM,2018,ADB_CPA,Micronesia,3.5,2.5,2.5,2.8,4,3,2,3,3,2.5,3,3,2.5,2.8,3,3,3,2.5,2.5,2.8,4.5,2.9
FSM,2019,ADB_CPA,Micronesia,,,,,,,,,,,,,,,,,,,,,,
FSM,2020,ADB_CPA,Micronesia,3.5,2.5,2.5,2.8,4,3,2,3,3,2.5,3,2.5,3,2.8,3,3,3,2.5,2.5,2.8,3.5,2.9
GEO,2006,ADB_CPA,Georgia,,,,,,,,,,,,,,,,,,,,,,
GEO,2007,ADB_CPA,Georgia,4.5,4.5,5,4.7,4.5,3.5,5,4.3,4.5,5,4.5,4,4,4.4,3.5,4,4.5,4,4,4,3.5,4.4
GEO,2008,ADB_CPA,Georgia,4.5,4.5,5,4.7,5.5,3.5,5,4.7,4.5,5.5,4.5,4,3.5,4.4,3.5,4,4.5,4,4,4,3.5,4.4
GEO,2009,ADB_CPA,Georgia,4.5,4.5,4.5,4.5,5.5,3.5,5.5,4.8,4.5,5,5,4,3.5,4.4,3.5,4.5,5,4,3.5,4.1,3.5,4.5
GEO,2010,ADB_CPA,Georgia,4.5,4.5,4.5,4.5,5.5,3.5,5.5,4.8,4.5,5,5,4.5,3.5,4.5,4,4.5,5,4,4,4.3,3,4.5
GEO,2011,ADB_CPA,Georgia,4.5,4.5,4.5,4.5,5.5,4,5.5,5,4.5,5,5,4.5,3,4.4,4,5,5.5,4.5,4,4.6,3.5,4.6
GEO,2012,ADB_CPA,Georgia,4.5,4.5,5,4.7,5.5,3.5,5.5,4.8,4.5,4.5,4.5,4.5,3,4.2,4,5,5.5,4.5,4,4.6,3.5,4.6
GEO,2013,ADB_CPA,Georgia,4.5,4.5,5,4.7,6,3.5,5.5,5,4.5,4.5,5,4.5,3,4.3,4,5,5.5,4.5,4,4.6,2.5,4.6
GEO,2014,ADB_CPA,Georgia,4.5,4.5,5,4.7,6,4,5.5,5.2,4.5,4.5,5.5,4.5,3,4.4,4.5,5,5.5,4.5,4,4.7,4,4.7
GEO,2015,ADB_CPA,Georgia,4.5,4.5,5,4.7,6,4,5.5,5.2,4.5,4.5,5.5,4.5,3,4.4,4.5,5,5.5,4.5,4,4.7,4.5,4.7
GEO,2016,ADB_CPA,Georgia,,,,,,,,,,,,,,,,,,,,,,
GEO,2017,ADB_CPA,Georgia,,,,,,,,,,,,,,,,,,,,,,
GEO,2018,ADB_CPA,Georgia,,,,,,,,,,,,,,,,,,,,,,
GEO,2019,ADB_CPA,Georgia,,,,,,,,,,,,,,,,,,,,,,
GEO,2020,ADB_CPA,Georgia,,,,,,,,,,,,,,,,,,,,,,
KGZ,2006,ADB_CPA,Kyrgyz Republic,4,3.5,3.5,3.7,5,3.5,3,3.8,4.5,3.5,3.5,3.5,3.5,3.7,2.5,3.5,3.5,2.5,2.5,2.9,4.5,3.5
KGZ,2007,ADB_CPA,Kyrgyz Republic,4.5,4,4,4.2,5,3.5,3.5,4,4.5,3.5,4,3.5,3.5,3.8,3,3.5,3.5,2.5,2.5,3,3.5,3.7
KGZ,2008,ADB_CPA,Kyrgyz Republic,4.5,4,4.5,4.3,5,3.5,3.5,4,4.5,3.5,4,4,3.5,3.9,2.5,3.5,3.5,3,3,3.1,4.5,3.8
KGZ,2009,ADB_CPA,Kyrgyz Republic,4.5,4,4.5,4.3,5,4,4,4.3,4.5,3.5,4,4,4,4,3,3.5,3.5,3,3,3.2,3.5,4
KGZ,2010,ADB_CPA,Kyrgyz Republic,4.5,3.5,4.5,4.2,5,3.5,4,4.2,4.5,3.5,4,4,4,4,2.5,3.5,3.5,3,3,3.1,3.5,3.9
KGZ,2011,ADB_CPA,Kyrgyz Republic,4.5,3.5,4.5,4.2,5,3.5,4,4.2,5,4,4.5,4.5,4,4.4,3,3.5,3.5,3.5,3.5,3.4,3.5,4
KGZ,2012,ADB_CPA,Kyrgyz Republic,4.5,4,4.5,4.3,5,3.5,4,4.2,4.5,4,4.5,5,4,4.4,3.5,3.5,4,4,4,3.8,3,4.2
KGZ,2013,ADB_CPA,Kyrgyz Republic,4.5,4,4.5,4.3,5,4,4,4.3,4.5,4,5,4.5,4,4.4,3.5,3.5,4,4,3.5,3.7,3,4.2
KGZ,2014,ADB_CPA,Kyrgyz Republic,4,4,4.5,4.2,5,4,4,4.3,4.5,4,5,5,3.5,4.4,3.5,3.5,4,4,4,3.8,4,4.2
KGZ,2015,ADB_CPA,Kyrgyz Republic,4,4,4.5,4.2,5,4,4,4.3,4.5,4,5,5,3.5,4.4,3.5,3.5,4,4,4,3.8,4,4.2
KGZ,2016,ADB_CPA,Kyrgyz Republic,4,4,4,4,4.5,4,4,4.2,4.5,4,5,5,3.5,4.4,3.5,3.5,4,4,3.5,3.7,4.5,4.1
KGZ,2017,ADB_CPA,Kyrgyz Republic,,,,,,,,,,,,,,,,,,,,,,
KGZ,2018,ADB_CPA,Kyrgyz Republic,4,4,4,4,4.5,4,4,4.2,5,4,5,5,3,4.4,3.5,3.5,4,4,3.5,3.7,3.5,4.1
KGZ,2019,ADB_CPA,Kyrgyz Republic,,,,,,,,,,,,,,,,,,,,,,
KGZ,2020,ADB_CPA,Kyrgyz Republic,4,4,4,4,5,3.5,4,4.2,5,4,5,4.5,3.5,4.4,3.5,3.5,4,4,3.5,3.7,3.5,4.1
KHM,2006,ADB_CPA,Cambodia,4.5,3.5,3.5,3.8,4,3,3,3.3,4,3.5,3.5,2.5,2.5,3.3,2.5,3,3.5,2.5,2.5,2.8,5.5,3.3
KHM,2007,ADB_CPA,Cambodia,4.5,4,4,4.2,4,3.5,3,3.5,4,4,4,3,3,3.6,2.5,3.5,4,2.5,2.5,3,3.5,3.6
KHM,2008,ADB_CPA,Cambodia,4,4,4,4,4,3.5,3,3.5,4,3.5,4,3.5,3,3.6,2.5,4,4,3,3,3.3,3.5,3.6
KHM,2009,ADB_CPA,Cambodia,4.5,4,4,4.2,4,4,3.5,3.8,4,4.5,4.5,3.5,3.5,4,3,4,4,3.5,3,3.5,3.5,3.9
KHM,2010,ADB_CPA,Cambodia,4.5,4,4,4.2,4,4.5,3.5,4,4,4.5,4.5,3.5,3.5,4,3.5,4,4,3.5,3.5,3.7,3.5,4
KHM,2011,ADB_CPA,Cambodia,4.5,4,4.5,4.3,4,4,3.5,3.8,4,4.5,4.5,3.5,3.5,4,3.5,4,4,3.5,4,3.8,3.5,4
KHM,2012,ADB_CPA,Cambodia,4.5,4.5,5,4.7,4.5,4.5,3.5,4.2,4.5,4.5,4.5,3.5,3.5,4.1,3.5,4.5,4,4,4,4,3,4.2
KHM,2013,ADB_CPA,Cambodia,4.5,4.5,5,4.7,4.5,4,3.5,4,4.5,4,4,3.5,3.5,3.9,3.5,4.5,4,4,3.5,3.9,3,4.1
KHM,2014,ADB_CPA,Cambodia,4.5,4.5,5,4.7,4.5,4,4,4.2,4.5,4,4.5,3.5,3.5,4,4,4.5,4,4,3.5,4,3.5,4.2
KHM,2015,ADB_CPA,Cambodia,4.5,4.5,5,4.7,4.5,4,4,4.2,4.5,4,4.5,3.5,3.5,4,4,4.5,4,4,3.5,4,4,4.2
KHM,2016,ADB_CPA,Cambodia,4.5,4,5,4.5,4.5,4,4,4.2,4.5,4,4.5,3.5,3.5,4,4,4.5,4,4,3,3.9,4,4.1
KHM,2017,ADB_CPA,Cambodia,,,,,,,,,,,,,,,,,,,,,,
KHM,2018,ADB_CPA,Cambodia,4.5,4,5,4.5,4.5,4,4,4.2,4.5,4,4.5,3.5,3,3.9,4,4.5,4,4,3,3.9,3.5,4.1
KHM,2019,ADB_CPA,Cambodia,,,,,,,,,,,,,,,,,,,,,,
KHM,2020,ADB_CPA,Cambodia,4.5,4.5,5,4.7,5,4,4,4.3,4.5,4,4.5,4,3.5,4.1,3.5,4.5,4,4,3,3.8,3,4.2
KIR,2006,ADB_CPA,Kiribati,2,3,3,2.7,2.5,4,3.5,3.3,2.5,2,2.5,2.5,2.5,2.4,4,3.5,3,3.5,2.5,3.3,4.5,2.9
KIR,2007,ADB_CPA,Kiribati,2.5,2.5,3.5,2.8,2.5,3,2.5,2.7,3,3,3,3,3,3,3,3,3,3,3,3,3.5,2.9
KIR,2008,ADB_CPA,Kiribati,2,2,3.5,2.5,2,3,2.5,2.5,3,2.5,3,2.5,3,2.8,3,2.5,3,3,3,2.9,3.5,2.7
KIR,2009,ADB_CPA,Kiribati,2,2,3.5,2.5,2.5,3,2.5,2.7,3,3,3,3,3,3,3,2.5,3,3,3,2.9,3.5,2.8
KIR,2010,ADB_CPA,Kiribati,2,2,3.5,2.5,2.5,3,2.5,2.7,3,3,3,3,3,3,3,2.5,3,2.5,3,2.8,3.5,2.7
KIR,2011,ADB_CPA,Kiribati,2,2,3.5,2.5,2.5,3,2.5,2.7,3,2.5,3,3,3,2.9,3,2,3,2.5,3,2.7,3.5,2.7
KIR,2012,ADB_CPA,Kiribati,3,3,3.5,3.2,3,3,2.5,2.8,3.5,3,3,3,3,3.1,3,2,3,3,3,2.8,3.5,3
KIR,2013,ADB_CPA,Kiribati,3,3,3,3,3,3,2.5,2.8,3.5,3,3,3.5,3,3.2,3.5,2,3,3,3,2.9,2.5,3
KIR,2014,ADB_CPA,Kiribati,3,3.5,3.5,3.3,3,2.5,2.5,2.7,3,3,3.5,3.5,3,3.2,3.5,2.5,3,3,3,3,3,3.1
KIR,2015,ADB_CPA,Kiribati,3,3.5,3.5,3.3,3,2.5,2.5,2.7,3,3,3.5,3.5,3,3.2,3.5,2.5,3,3,3,3,3,3.1
KIR,2016,ADB_CPA,Kiribati,3,3.5,3,3.2,3,2.5,2,2.5,3,3,3.5,3.5,3,3.2,3.5,2.5,3,3,2.5,2.9,4.5,2.9
KIR,2017,ADB_CPA,Kiribati,,,,,,,,,,,,,,,,,,,,,,
KIR,2018,ADB_CPA,Kiribati,4,3.5,2.5,3.3,3,2.5,2,2.5,3,3,3.5,3.5,2.5,3.1,3.5,2.5,3,3,2.5,2.9,4.5,3
KIR,2019,ADB_CPA,Kiribati,,,,,,,,,,,,,,,,,,,,,,
KIR,2020,ADB_CPA,Kiribati,4,3,2.5,3.2,3.5,2.5,2,2.7,3,3,4,3.5,3.5,3.4,4,2.5,3.5,3,2.5,3.1,4.5,3.1
LAO,2006,ADB_CPA,Laos,4,3.5,3.5,3.7,4,1.5,3,2.8,4,4,3,3.5,3,3.7,3,2.5,3,2.5,2,2.6,5.5,3.2
LAO,2007,ADB_CPA,Laos,4,4,4,4,3.5,2,3.5,3,4,4,4,4,3,3.8,3,3,3.5,3.5,3,3.2,3.5,3.5
LAO,2008,ADB_CPA,Laos,4.5,4,4,4.2,3.5,3,3.5,3.3,4,4.5,4,4,3.5,4,3.5,3.5,3.5,3.5,3.5,3.5,3.5,3.8
LAO,2009,ADB_CPA,Laos,4.5,4,4,4.2,4,3.5,3.5,3.7,4,4.5,4,3.5,4,4,3.5,3.5,3.5,3.5,3.5,3.5,3.5,3.8
LAO,2010,ADB_CPA,Laos,4.5,4,4,4.2,4,3.5,3.5,3.7,4,4.5,4.5,3.5,4,4.1,4,4,3.5,4,3.5,3.8,4,3.9
LAO,2011,ADB_CPA,Laos,4.5,4,4,4.2,4,3.5,3.5,3.7,4,4.5,4.5,3.5,4,4.1,4,4,3.5,4,3.5,3.8,4,3.9
LAO,2012,ADB_CPA,Laos,4.5,4,4,4.2,4.5,3.5,3.5,3.8,4.5,4.5,4.5,3.5,4,4.2,4,4,4,4.5,3.5,4,3.5,4.1
LAO,2013,ADB_CPA,Laos,4.5,4,4,4.2,4.5,3.5,3.5,3.8,4,4.5,4.5,3.5,4,4.1,3.5,4,4,4.5,3.5,3.9,4,4
LAO,2014,ADB_CPA,Laos,4,4,4,4,4.5,3.5,3.5,3.8,4,4.5,4.5,3.5,4,4.1,3.5,4,4,4.5,3.5,3.9,4,4
LAO,2015,ADB_CPA,Laos,4,4,4,4,4.5,3.5,3.5,3.8,4,4.5,4.5,3.5,4,4.1,3.5,4,4,4.5,3.5,3.9,4.5,4
LAO,2016,ADB_CPA,Laos,3.5,4,3.5,3.7,4.5,3.5,3.5,3.8,4,4.5,4.5,3.5,4,4.1,3.5,4,4,4,3.5,3.8,4,3.9
LAO,2017,ADB_CPA,Laos,,,,,,,,,,,,,,,,,,,,,,
LAO,2018,ADB_CPA,Laos,3.5,4,3,3.5,4.5,3.5,3.5,3.8,4,4.5,4.5,3.5,3.5,4,3.5,4,4,4,3,3.7,3.5,3.8
LAO,2019,ADB_CPA,Laos,,,,,,,,,,,,,,,,,,,,,,
LAO,2020,ADB_CPA,Laos,3.5,3,2.5,3,4.5,3,3.5,3.7,4,4,4.5,3.5,4,4,3.5,3.5,3,3,2.5,3.1,3,3.4
LKA,2006,ADB_CPA,Sri Lanka,3.5,2.5,3.5,3.2,3.5,4,3.5,3.7,3.5,3.5,4,3.5,4,3.7,3,4,3,3,3.5,3.3,5,3.5
LKA,2007,ADB_CPA,Sri Lanka,3.5,2.5,3.5,3.2,3.5,4,3.5,3.7,3.5,4,4,3.5,4,3.8,3,4,3.5,3,3,3.3,3,3.5
LKA,2008,ADB_CPA,Sri Lanka,3.5,2.5,3,3,3.5,4,3.5,3.7,4,4,4,3.5,3.5,3.8,3,4,3.5,3,3,3.3,3.5,3.4
LKA,2009,ADB_CPA,Sri Lanka,3,2.5,3,2.8,3.5,4,3.5,3.7,4,4,4,3.5,3.5,3.8,3,4,3.5,3,3,3.3,3.5,3.4
LKA,2010,ADB_CPA,Sri Lanka,4,3,3,3.3,3.5,4,3.5,3.7,4,4,4,3.5,3.5,3.8,3.5,4,3.5,3.5,3,3.5,3.5,3.6
LKA,2011,ADB_CPA,Sri Lanka,4,3.5,3.5,3.7,4,4,3.5,3.8,4,4.5,4.5,3.5,3.5,4,4,4,4,3.5,3.5,3.8,3.5,3.8
LKA,2012,ADB_CPA,Sri Lanka,4.5,4,4,4.2,4.5,4,4,4.2,4,4.5,4.5,3.5,4,4.1,4,4,4,3.5,3.5,3.8,4,4.1
LKA,2013,ADB_CPA,Sri Lanka,4.5,4,4,4.2,4.5,4,4,4.2,4,4.5,5,4,4,4.3,4,4,4,4,3.5,3.9,4.5,4.1
LKA,2014,ADB_CPA,Sri Lanka,4.5,4,4,4.2,4.5,4,4,4.2,4,5,5,4,4,4.4,4,4,4,4,3.5,3.9,4.5,4.2
LKA,2015,ADB_CPA,Sri Lanka,4.5,4,4,4.2,4.5,4,4,4.2,4,5,5,4,4,4.4,4,4,4,4,4,4,4.5,4.2
LKA,2016,ADB_CPA,Sri Lanka,4,3,3.5,3.5,4.5,4,4,4.2,4,4.5,5,4,4,4.3,4,4,4,4,4,4,4,4
LKA,2017,ADB_CPA,Sri Lanka,,,,,,,,,,,,,,,,,,,,,,
LKA,2018,ADB_CPA,Sri Lanka,,,,,,,,,,,,,,,,,,,,,,
LKA,2019,ADB_CPA,Sri Lanka,,,,,,,,,,,,,,,,,,,,,,
LKA,2020,ADB_CPA,Sri Lanka,,,,,,,,,,,,,,,,,,,,,,
MDV,2006,ADB_CPA,Maldives,4.5,3.5,4.5,4.2,4,4,4,4,4,4,,3.5,4,3.9,4,3.5,4,4,3,3.7,4.5,3.9
MDV,2007,ADB_CPA,Maldives,3.5,2.5,3.5,3.2,3.5,3,4,3.5,4,4,4,3.5,4,3.9,4,3.5,4,4,2.5,3.6,3,3.5
MDV,2008,ADB_CPA,Maldives,3.5,2.5,3.5,3.2,3.5,3,4,3.5,4,4,4,3.5,4,3.9,4,3.5,4,4,2.5,3.6,2.5,3.5
MDV,2009,ADB_CPA,Maldives,2.5,2,3,2.5,3,3,4,3.3,3.5,4,4,3.5,3.5,3.7,3,3,3,3,2.5,2.9,2.5,3.1
MDV,2010,ADB_CPA,Maldives,4,3.5,3,3.5,3.5,3,4,3.5,3.5,4,4,3.5,3.5,3.7,4,3,4,4,3,3.6,2.5,3.6
MDV,2011,ADB_CPA,Maldives,4,3.5,3,3.5,3.5,3,4,3.5,3.5,4,4,3.5,3.5,3.7,4,3,4,4,3,3.6,4.5,3.6
MDV,2012,ADB_CPA,Maldives,4,3.5,3,3.5,4,3,4,3.7,4,4.5,4.5,4,4,4.2,4,3,4,4,3,3.6,2.5,3.7
MDV,2013,ADB_CPA,Maldives,4,3.5,3,3.5,4,3,4,3.7,4,4.5,4.5,4,4,4.2,4,3,4,4,3,3.6,4.5,3.7
MDV,2014,ADB_CPA,Maldives,3.5,3.5,3,3.3,4.5,3,4,3.8,4,4.5,5,4.5,4,4.4,4,3,4.5,4,3,3.7,4,3.8
MDV,2015,ADB_CPA,Maldives,3.5,3.5,3,3.3,4.5,3,4,3.8,4,4.5,5,4.5,4,4.4,4,3,4.5,4,3,3.7,4.5,3.8
MDV,2016,ADB_CPA,Maldives,3.5,3.5,3,3.3,4,3.5,4,3.8,4,5,5,4.5,4,4.5,4,3,5,4,2.5,3.7,3,3.8
MDV,2017,ADB_CPA,Maldives,,,,,,,,,,,,,,,,,,,,,,
MDV,2018,ADB_CPA,Maldives,3.5,3.5,3,3.3,4,3.5,4,3.8,4,5,5,4.5,4,4.5,4,3,5,4,2,3.6,4.5,3.8
MDV,2019,ADB_CPA,Maldives,,,,,,,,,,,,,,,,,,,,,,
MDV,2020,ADB_CPA,Maldives,3.5,3.5,3,3.3,4.5,3.5,4.5,4.2,4,5,5,4.5,4,4.5,3.5,4,5,4,2.5,3.8,3.5,4
MHL,2006,ADB_CPA,Marshall Islands,2.5,2.5,3,2.7,3,3.5,2.5,3,2.5,2.5,3,3,2.5,2.7,3,3,3,2,2.5,2.7,4.5,2.8
MHL,2007,ADB_CPA,Marshall Islands,2.5,2.5,2,2.3,3,3,2.5,2.8,3,2,3,2.5,2.5,2.6,3.5,2.5,3,2,2.5,2.7,3.5,2.6
MHL,2008,ADB_CPA,Marshall Islands,2.5,2,2,2.2,3,3,2.5,2.8,3,2,3,2.5,3,2.7,3.5,2.5,3,2,2.5,2.7,3.5,2.6
MHL,2009,ADB_CPA,Marshall Islands,2,2,2,2,3,3,2.5,2.8,3,2.5,3,3,3,2.9,3.5,2.5,3,2,2.5,2.7,3.5,2.6
MHL,2010,ADB_CPA,Marshall Islands,2.5,2.5,3,2.7,3,3,2.5,2.8,3,2,3,3,2.5,2.7,3.5,2.5,3,2,2.5,2.7,3.5,2.7
MHL,2011,ADB_CPA,Marshall Islands,2.5,2.5,3,2.7,3.5,3,2.5,3,3,2,3,3,2.5,2.7,3.5,3,3,2,2.5,2.8,3.5,2.8
MHL,2012,ADB_CPA,Marshall Islands,2.5,2.5,3,2.7,3.5,3,2.5,3,3,2,2.5,3,2.5,2.6,3.5,3,3,2,2.5,2.8,3.5,2.8
MHL,2013,ADB_CPA,Marshall Islands,3,2.5,3,2.8,3,3,2.5,2.8,3,2,3,3,4,3,4,3,3,2.5,3.5,3.2,3.5,3
MHL,2014,ADB_CPA,Marshall Islands,3,2.5,2.5,2.7,3,3,2.5,2.8,3,2.5,3,3,3.5,3,4,3,3,2.5,3,3.1,4,2.9
MHL,2015,ADB_CPA,Marshall Islands,3,2.5,2.5,2.7,3,3,2.5,2.8,3,2.5,3,3,3.5,3,4,3,3,2.5,3,3.1,4,2.9
MHL,2016,ADB_CPA,Marshall Islands,3,2.5,2,2.5,3.5,3,2.5,3,3,2.5,3,3,3.5,3,4,3,3,2.5,2.5,3,4,2.9
MHL,2017,ADB_CPA,Marshall Islands,,,,,,,,,,,,,,,,,,,,,,
MHL,2018,ADB_CPA,Marshall Islands,3,2.5,2,2.5,3.5,3,2.5,3,3,2.5,3,3,3,2.9,4,3,2.5,2.5,2.5,2.9,2.5,2.8
MHL,2019,ADB_CPA,Marshall Islands,,,,,,,,,,,,,,,,,,,,,,
MHL,2020,ADB_CPA,Marshall Islands,3,2.5,2,2.5,3.5,3,2.5,3,3,2,3,3,3.5,2.9,4,3,2.5,2,2.5,2.8,3.5,2.8
MMR,2006,ADB_CPA,Myanmar,,,,,,,,,,,,,,,,,,,,,,
MMR,2007,ADB_CPA,Myanmar,,,,,,,,,,,,,,,,,,,,,,
MMR,2008,ADB_CPA,Myanmar,,,,,,,,,,,,,,,,,,,,,,
MMR,2009,ADB_CPA,Myanmar,,,,,,,,,,,,,,,,,,,,,,
MMR,2010,ADB_CPA,Myanmar,,,,,,,,,,,,,,,,,,,,,,
MMR,2011,ADB_CPA,Myanmar,,,,,,,,,,,,,,,,,,,,,,
MMR,2012,ADB_CPA,Myanmar,,,,,,,,,,,,,,,,,,,,,,
MMR,2013,ADB_CPA,Myanmar,,,,,,,,,,,,,,,,,,,,,,
MMR,2014,ADB_CPA,Myanmar,3.5,3.5,4,3.7,3,2.5,2.5,2.7,3.5,3.5,3.5,3,2.5,3.2,3,3,3,3,3,3,4,3.1
MMR,2015,ADB_CPA,Myanmar,3.5,3.5,4,3.7,3,2.5,2.5,2.7,3.5,3.5,3.5,3,2.5,3.2,3,3,3,3,3,3,4,3.1
MMR,2016,ADB_CPA,Myanmar,3.5,3.5,4.5,3.8,3.5,3,2.5,3,4,4,3.5,3,2.5,3.4,3,3,3,3,3,3,2.5,3.3
MMR,2017,ADB_CPA,Myanmar,,,,,,,,,,,,,,,,,,,,,,
MMR,2018,ADB_CPA,Myanmar,3,3.5,4.5,3.7,4,3,3,3.3,4,4,4,3,2.5,3.5,3,3,3,3,3,3,4,3.4
MMR,2019,ADB_CPA,Myanmar,,,,,,,,,,,,,,,,,,,,,,
MMR,2020,ADB_CPA,Myanmar,3.5,3.5,4.5,3.8,4,3,3,3.3,4,4,4,3.5,2.5,3.6,3,3,3,3,3,3,2.5,3.4
MNG,2006,ADB_CPA,Mongolia,4,4,3.5,3.8,4.5,3.5,4,4,3.5,3.5,3.5,3.5,2.5,3.3,3.5,3.5,4,3.5,3.5,3.6,6,3.7
MNG,2007,ADB_CPA,Mongolia,4.5,4.5,4,4.3,4.5,3.5,4,4,3.5,4,4,3.5,3,3.6,3.5,4,4,3.5,3.5,3.7,4,3.9
MNG,2008,ADB_CPA,Mongolia,4.5,4,4,4.2,4.5,3.5,4,4,3.5,4.5,4,4,3,3.8,3.5,4,4.5,3.5,3.5,3.8,4,3.9
MNG,2009,ADB_CPA,Mongolia,3.5,3.5,4,3.7,4.5,3,4,3.8,3.5,4,4,4,3,3.7,3.5,4,4.5,3.5,3.5,3.8,4.5,3.8
MNG,2010,ADB_CPA,Mongolia,4,3.5,4,3.8,4.5,3.5,4.5,4.2,4,4,4,4,3,3.8,4,4,4.5,3.5,3.5,3.9,3,3.9
MNG,2011,ADB_CPA,Mongolia,4,3.5,4,3.8,4.5,3.5,4.5,4.2,4,4,4,4,3,3.8,4,4,4.5,3.5,3.5,3.9,3,3.9
MNG,2012,ADB_CPA,Mongolia,4,3.5,4,3.8,4.5,3.5,4.5,4.2,4,4,4,4,3,3.8,4,4,4.5,4,3.5,4,3.5,4
MNG,2013,ADB_CPA,Mongolia,3.5,3.5,4,3.7,4.5,3.5,4.5,4.2,4.5,4,4.5,4.5,3,4.1,4,4,4.5,4,4,4.1,3.5,4
MNG,2014,ADB_CPA,Mongolia,3,3,4,3.3,4.5,3.5,4.5,4.2,4.5,4,4.5,4.5,3.5,4.2,4,4,4.5,4,4,4.1,3.5,4
MNG,2015,ADB_CPA,Mongolia,3,2.5,3.5,3,4.5,3.5,4.5,4.2,4.5,4,4.5,4.5,3,4.1,4,4,4.5,4,4,4.1,3.5,3.8
MNG,2016,ADB_CPA,Mongolia,3,2.5,3,2.8,4,3.5,4.5,4,4.5,4,5,4.5,3,4.2,4,3.5,4.5,4,3.5,3.9,4,3.7
MNG,2017,ADB_CPA,Mongolia,,,,,,,,,,,,,,,,,,,,,,
MNG,2018,ADB_CPA,Mongolia,4,3.5,3.5,3.7,4.5,3.5,4,4,4.5,4,5,4.5,3,4.2,4,3.5,4.5,4,3.5,3.9,3,3.9
MNG,2019,ADB_CPA,Mongolia,,,,,,,,,,,,,,,,,,,,,,
MNG,2020,ADB_CPA,Mongolia,4,4,4,4,4.5,3.5,4.5,4.2,4.5,4.5,5,4.5,3.5,4.4,4,3.5,4.5,4,3.5,3.9,3.5,4.1
NPL,2006,ADB_CPA,Nepal,4,3.5,3.5,3.7,4,3,3.5,3.5,3.5,4,3.5,3.5,3,3.4,3,3.5,4,3,3,3.3,3,3.5
NPL,2007,ADB_CPA,Nepal,4,3.5,3.5,3.7,4.5,3,3.5,3.7,3.5,4,3.5,3.5,3.5,3.6,3.5,4,4,3.5,3.5,3.7,3,3.7
NPL,2008,ADB_CPA,Nepal,4,4,3.5,3.8,4.5,3.5,3.5,3.8,4,4,3.5,3,4,3.7,3.5,4,4,3.5,3.5,3.7,3.5,3.8
NPL,2009,ADB_CPA,Nepal,4.5,4.5,4,4.3,4.5,4,3.5,4,4,4,4,3.5,4.5,4,3.5,4,4.5,3.5,3.5,3.8,3.5,4
NPL,2010,ADB_CPA,Nepal,4,4,4,4,4.5,4,3.5,4,4,4.5,4,4,4.5,4.2,3,4,5,3.5,3.5,3.8,3.5,4
NPL,2011,ADB_CPA,Nepal,4.5,4,4,4.2,4.5,4,3.5,4,4,5,4,4,4.5,4.3,3,4.5,5,3.5,3.5,3.9,4,4.1
NPL,2012,ADB_CPA,Nepal,4.5,4,4.5,4.3,4.5,4,3.5,4,4.5,5,4,4.5,4.5,4.5,3,4,5,3.5,3.5,3.8,3,4.2
NPL,2013,ADB_CPA,Nepal,4.5,3.5,4,4,4.5,4,3.5,4,4,4,4,4,4.5,4.1,3,4,5,3.5,3.5,3.8,3,4
NPL,2014,ADB_CPA,Nepal,4.5,3.5,4,4,4.5,4,4,4.2,4,4,4.5,4,4,4.1,3.5,4,5,3.5,3.5,3.9,4.5,4
NPL,2015,ADB_CPA,Nepal,4.5,3.5,4,4,4.5,4,4,4.2,4,4,4.5,4,4,4.1,3.5,4,5,3.5,3.5,3.9,4,4
NPL,2016,ADB_CPA,Nepal,4.5,3.5,4,4,4,4,4,4,4,4,4.5,4,3.5,4,3.5,4,5,3.5,3.5,3.9,4.5,4
NPL,2017,ADB_CPA,Nepal,,,,,,,,,,,,,,,,,,,,,,
NPL,2018,ADB_CPA,Nepal,4.5,3.5,4.5,4.2,4,4,4,4,4,4,4.5,4,3.5,4,3.5,4,5,3.5,3.5,3.9,4.5,4
NPL,2019,ADB_CPA,Nepal,,,,,,,,,,,,,,,,,,,,,,
NPL,2020,ADB_CPA,Nepal,4.5,3.5,4.5,4.2,4.5,4,4,4.2,4,4,4.5,4,4,4.1,3.5,4,5,3.5,3.5,3.9,4,4.1
NRU,2006,ADB_CPA,Nauru,0,0,0,0,0,0,0,0,0,0,0,0,0,0,0,0,0,0,0,0,0,0
NRU,2007,ADB_CPA,Nauru,3,2,1,2,4,1,2,2.3,3,2.5,2.5,2.5,1,2.3,2.5,3.5,3,3,3,3,3.5,2.4
NRU,2008,ADB_CPA,Nauru,3,2.5,1.5,2.3,4,1,2,2.3,3,3,2.5,3.5,2,2.8,2.5,4,3,3,3,3.1,3.5,2.6
NRU,2009,ADB_CPA,Nauru,3,2.5,1.5,2.3,4,1,2,2.3,3,3.5,2.5,3,3,3,2.5,4,3,3,3,3.1,3.5,2.7
NRU,2010,ADB_CPA,Nauru,3,2.5,1.5,2.3,4,1,2,2.3,3,3.5,3,3.5,2.5,3.1,2.5,4,3,3,3.5,3.2,3.5,2.7
NRU,2011,ADB_CPA,Nauru,3,2.5,1.5,2.3,4,1,2,2.3,3,3.5,3,3.5,2.5,3.1,2.5,4,3,3,3.5,3.2,3.5,2.7
NRU,2012,ADB_CPA,Nauru,3,2.5,2,2.5,4,1,2,2.3,3.5,3.5,3,3.5,2.5,3.2,2.5,4,3,3,3.5,3.2,3.5,2.8
NRU,2013,ADB_CPA,Nauru,3,3.5,2,2.8,3.5,1,2,2.2,3.5,2.5,3,3.5,2.5,3,2.5,4,3,3,3,3.1,3.5,2.8
NRU,2014,ADB_CPA,Nauru,3,3,2,2.7,3.5,1,2,2.2,3,3,3,3.5,2.5,3,2.5,4,3,3,3,3.1,4,2.7
NRU,2015,ADB_CPA,Nauru,3,3,2,2.7,3.5,1,2,2.2,3,3,3,3.5,2.5,3,2.5,4,3,3,3,3.1,4,2.7
NRU,2016,ADB_CPA,Nauru,3,3,1.5,2.5,3.5,1,2,2.2,3,3,3.5,3.5,1.5,2.9,2.5,3.5,3,2.5,2.5,2.8,2.5,2.6
NRU,2017,ADB_CPA,Nauru,,,,,,,,,,,,,,,,,,,,,,
NRU,2018,ADB_CPA,Nauru,3,3,1.5,2.5,3.5,1,2,2.2,3,3,3,3.5,1.5,2.8,2.5,3.5,3,2.5,2.5,2.8,4.5,2.6
NRU,2019,ADB_CPA,Nauru,,,,,,,,,,,,,,,,,,,,,,
NRU,2020,ADB_CPA,Nauru,3,3,1.5,2.5,3.5,1.5,2,2.3,3,3,3,3.5,2,2.9,2.5,3.5,3,2.5,2.5,2.8,4.5,2.6
PAK,2006,ADB_CPA,Pakistan,4,3.5,4.5,4,4,4.5,4,4.2,2.5,3.5,3.5,3,3.5,3.2,3,4,4,3.5,2.5,3.4,4.5,3.7
PAK,2007,ADB_CPA,Pakistan,4,3.5,4.5,4,4,4.5,4,4.2,3,3.5,3.5,3,3.5,3.3,3,4,3.5,3.5,3,3.4,3.5,3.7
PAK,2008,ADB_CPA,Pakistan,4.5,3.5,4.5,4.2,4,4.5,4,4.2,3,3.5,3,3,4,3.3,3,4,3.5,3.5,3,3.4,3.5,3.8
PAK,2009,ADB_CPA,Pakistan,4.5,3.5,4.5,4.2,4,4,4,4,3,4,3,3,4,3.4,3,4,3.5,3.5,3,3.4,3,3.7
PAK,2010,ADB_CPA,Pakistan,4.5,3.5,4.5,4.2,3.5,4.5,4,4,2.5,4,3,3,4,3.3,3,4.5,3.5,3.5,3.5,3.6,3,3.8
PAK,2011,ADB_CPA,Pakistan,4.5,3.5,4.5,4.2,3.5,4.5,4,4,2.5,4,3,3.5,4,3.4,3,4.5,3.5,3.5,3.5,3.6,3.5,3.8
PAK,2012,ADB_CPA,Pakistan,4,3.5,4,3.8,3.5,4,4,3.8,2.5,4,3,3.5,4,3.4,3,4.5,3.5,3.5,3.5,3.6,3,3.7
PAK,2013,ADB_CPA,Pakistan,3.5,3.5,4,3.7,4,4,4,4,2.5,4,3,3.5,4,3.4,3,4.5,3.5,3.5,3.5,3.6,3,3.7
PAK,2014,ADB_CPA,Pakistan,4,4,4,4,4,4,4,4,2.5,4,3.5,3.5,3.5,3.4,3,4.5,3.5,3.5,3.5,3.6,4,3.8
PAK,2015,ADB_CPA,Pakistan,4,4,4,4,4,4,4,4,2.5,4,3.5,3.5,3.5,3.4,3,4.5,3.5,3.5,3.5,3.6,4.5,3.8
PAK,2016,ADB_CPA,Pakistan,4,3.5,4.5,4,4,4,4,4,2.5,4,3.5,3.5,3.5,3.4,3,4.5,3.5,3.5,3.5,3.6,3.5,3.8
PAK,2017,ADB_CPA,Pakistan,,,,,,,,,,,,,,,,,,,,,,
PAK,2018,ADB_CPA,Pakistan,3,2.5,4.5,3.3,4,4,4,4,3,4,3.5,3.5,3,3.4,3.5,4.5,3.5,3,3.5,3.6,3,3.6
PAK,2019,ADB_CPA,Pakistan,,,,,,,,,,,,,,,,,,,,,,
PAK,2020,ADB_CPA,Pakistan,3.5,3,4,3.5,4.5,4,4,4.2,3.5,4,4,3.5,3.5,3.7,3.5,4,3.5,3.5,3.5,3.6,3,3.7
PLW,2006,ADB_CPA,Palau,0,0,0,0,0,0,0,0,0,0,0,0,0,0,0,0,0,0,0,0,0,0
PLW,2007,ADB_CPA,Palau,0,0,0,0,0,0,0,0,0,0,0,0,0,0,0,0,0,0,0,0,0,0
PLW,2008,ADB_CPA,Palau,3,2,3.5,2.8,4,3,2.5,3.2,3.5,3.5,4,3.5,3,3.5,3.5,4,2.5,3,3,3.2,3.5,3.2
PLW,2009,ADB_CPA,Palau,3,2,3.5,2.8,4,2.5,2.5,3,3,3,4,3.5,3,3.3,3.5,4,2.5,3,3,3.2,3.5,3.1
PLW,2010,ADB_CPA,Palau,3,2,3.5,2.8,4,2.5,2.5,3,3,3,4,3.5,3,3.3,3.5,3.5,2.5,3,3,3.1,3.5,3.1
PLW,2011,ADB_CPA,Palau,3.5,2.5,4,3.3,4,3.5,2.5,3.3,3,3.5,4,4,4,3.7,4,3.5,3.5,3,3,3.4,3.5,3.4
PLW,2012,ADB_CPA,Palau,3.5,2.5,4,3.3,4,3.5,2.5,3.3,3,3.5,4,4,4,3.7,4,3.5,3.5,3,3,3.4,3.5,3.4
PLW,2013,ADB_CPA,Palau,3.5,2.5,4,3.3,4,3.5,2.5,3.3,3,3.5,4,4,4,3.7,4,3.5,3.5,3,3,3.4,3.5,3.4
PLW,2014,ADB_CPA,Palau,3.5,2.5,4,3.3,4,3.5,2.5,3.3,3,3,4.5,3.5,4,3.6,4,3.5,3.5,3,3,3.4,4,3.4
PLW,2015,ADB_CPA,Palau,3.5,2.5,4,3.3,4,3.5,2.5,3.3,3,3,4.5,3.5,4,3.6,4,3.5,3.5,3,3,3.4,4,3.4
PLW,2016,ADB_CPA,Palau,3.5,2.5,3.5,3.2,4,3.5,2.5,3.3,3,2.5,4.5,3.5,4,3.5,4,3.5,3.5,3,2.5,3.3,4.5,3.3
PLW,2017,ADB_CPA,Palau,,,,,,,,,,,,,,,,,,,,,,
PLW,2018,ADB_CPA,Palau,3.5,2.5,3.5,3.2,4,3.5,2.5,3.3,3,2.5,4.5,3.5,3.5,3.4,4,3.5,3.5,3,2.5,3.3,4.5,3.3
PLW,2019,ADB_CPA,Palau,,,,,,,,,,,,,,,,,,,,,,
PLW,2020,ADB_CPA,Palau,3.5,2,3,2.8,4,3.5,2.5,3.3,3,2.5,4.5,3.5,4,3.5,4,3.5,3.5,2.5,2.5,3.2,4.5,3.2
PNG,2006,ADB_CPA,Papua New Guinea,3,3.5,4.5,3.7,3.5,2.5,2.5,2.8,2,3,2,2.5,2.5,2.4,1.5,3,3.5,2.5,3,2.7,4.5,2.9
PNG,2007,ADB_CPA,Papua New Guinea,4,3.5,4.5,4,3.5,3,2.5,3,2.5,3,2.5,3,1.5,2.5,3,3.5,4,2.5,3,3.2,3.5,3.2
PNG,2008,ADB_CPA,Papua New Guinea,4,3.5,4,3.8,3.5,3,2.5,3,2.5,3,2.5,2.5,1.5,2.4,3,3.5,4,2.5,3,3.2,3.5,3.1
PNG,2009,ADB_CPA,Papua New Guinea,4,3.5,4,3.8,4,3,3,3.3,2.5,3.5,2.5,3,2,2.7,3,3.5,4,2.5,3,3.2,4,3.3
PNG,2010,ADB_CPA,Papua New Guinea,4,3,4,3.7,4,3,3,3.3,2.5,3.5,2.5,3,2,2.7,3,3.5,4,2.5,3,3.2,4,3.2
PNG,2011,ADB_CPA,Papua New Guinea,4,3.5,4.5,4,4.5,2.5,3,3.3,2.5,3.5,2.5,3,2.5,2.8,3,3.5,4,2.5,3,3.2,4,3.3
PNG,2012,ADB_CPA,Papua New Guinea,4,3.5,4.5,4,4.5,3,3,3.5,2.5,3.5,2.5,3,2.5,2.8,2.5,3.5,4,2.5,3,3.1,2.5,3.4
PNG,2013,ADB_CPA,Papua New Guinea,4,3.5,4.5,4,4.5,3.5,3,3.7,2.5,3.5,3,3,2.5,2.9,2.5,3.5,4,2,3,3,3.5,3.4
PNG,2014,ADB_CPA,Papua New Guinea,3.5,3,4.5,3.7,4.5,3.5,3,3.7,2,3.5,3,2.5,2.5,2.7,2.5,3.5,4,2,3,3,3.5,3.3
PNG,2015,ADB_CPA,Papua New Guinea,3.5,3,4.5,3.7,4.5,3.5,3,3.7,2,3.5,3,2.5,2.5,2.7,2.5,3.5,4,2,3,3,3.5,3.3
PNG,2016,ADB_CPA,Papua New Guinea,2.5,2.5,4,3,4,3.5,2.5,3.3,2,3,3,2.5,2,2.5,2,3,3.5,2,2.5,2.6,3.5,2.9
PNG,2017,ADB_CPA,Papua New Guinea,,,,,,,,,,,,,,,,,,,,,,
PNG,2018,ADB_CPA,Papua New Guinea,2,2.5,3.5,2.7,4,3.5,2.5,3.3,2,3,3,2.5,2,2.5,2,3,3.5,2,2,2.5,3,2.8
PNG,2019,ADB_CPA,Papua New Guinea,,,,,,,,,,,,,,,,,,,,,,
PNG,2020,ADB_CPA,Papua New Guinea,2,2.5,3,2.5,4,3.5,2.5,3.3,2,3,3,2.5,2.5,2.6,2,3,3.5,2.5,2.5,2.7,3,2.8
SLB,2006,ADB_CPA,Solomon Islands,4,3.5,3,3.5,3.5,3,2,2.8,2.5,3,2.5,2,2.5,2.5,2.5,3,3,2.5,3,2.8,4.5,2.9
SLB,2007,ADB_CPA,Solomon Islands,4,3.5,3,3.5,4,3.5,2.5,3.3,2.5,3,2.5,2.5,2.5,2.6,2.5,3.5,3,2.5,3,2.9,3.5,3.1
SLB,2008,ADB_CPA,Solomon Islands,3.5,3.5,3,3.3,4,3.5,2.5,3.3,2.5,3,2.5,2.5,2.5,2.6,3,3.5,3,2.5,3,3,3.5,3.1
SLB,2009,ADB_CPA,Solomon Islands,3.5,3,4,3.5,4,3.5,2.5,3.3,3,3.5,2.5,2.5,3,2.9,3,3.5,3,2.5,3,3,3.5,3.2
SLB,2010,ADB_CPA,Solomon Islands,3.5,3,4,3.5,4,3.5,3,3.5,3,3.5,3,2.5,2.5,2.9,3.5,3.5,3,2.5,3,3.1,3,3.3
SLB,2011,ADB_CPA,Solomon Islands,3.5,3.5,4,3.7,4,3.5,3,3.5,3,3.5,3,2.5,2.5,2.9,3.5,3.5,3,2.5,3,3.1,3.5,3.3
SLB,2012,ADB_CPA,Solomon Islands,3.5,3.5,4.5,3.8,4,3.5,3.5,3.7,3,3.5,3,2.5,2.5,2.9,3.5,3.5,3,2.5,3,3.1,4.5,3.4
SLB,2013,ADB_CPA,Solomon Islands,3.5,3.5,4.5,3.8,3.5,3.5,3.5,3.5,3,3,3,2.5,2.5,2.8,3.5,3.5,3,2.5,3,3.1,4.5,3.3
SLB,2014,ADB_CPA,Solomon Islands,3.5,3.5,4.5,3.8,3.5,3.5,3.5,3.5,3,3,3,2.5,2.5,2.8,3.5,3.5,3,2.5,3,3.1,4.5,3.3
SLB,2015,ADB_CPA,Solomon Islands,3.5,3,4,3.5,3.5,3.5,3.5,3.5,3,3,3,2.5,2.5,2.8,3.5,3.5,3,2.5,3,3.1,4.5,3.2
SLB,2016,ADB_CPA,Solomon Islands,3.5,3,4,3.5,3.5,3.5,3.5,3.5,3,3,3,2.5,2.5,2.8,3.5,3.5,3,2.5,3,3.1,4.5,3.2
SLB,2017,ADB_CPA,Solomon Islands,,,,,,,,,,,,,,,,,,,,,,
SLB,2018,ADB_CPA,Solomon Islands,3.5,3,4,3.5,3.5,3.5,3.5,3.5,3,3,3.5,2.5,2,2.8,3.5,3,3,2.5,3,3,3,3.2
SLB,2019,ADB_CPA,Solomon Islands,,,,,,,,,,,,,,,,,,,,,,
SLB,2020,ADB_CPA,Solomon Islands,3.5,3,4,3.5,3.5,3.5,3.5,3.5,3,3,3.5,2.5,2,2.8,3.5,3,3,2.5,3,3,3.5,3.2
TJK,2006,ADB_CPA,Tajikistan,4.5,4,4.5,4.3,4,3,3,3.3,3.5,3.5,3,3.5,3,3.3,3,3,3.5,3,2,2.9,5,3.5
TJK,2007,ADB_CPA,Tajikistan,4,4.5,4,4.2,4,3,3,3.3,3.5,3.5,3,3.5,3.5,3.4,3,4,3,3,2.5,3.1,4,3.5
TJK,2008,ADB_CPA,Tajikistan,4,4,3.5,3.8,4,3.5,3,3.5,3.5,3.5,3.5,3.5,3,3.4,3,4,3,3,2.5,3.1,4,3.5
TJK,2009,ADB_CPA,Tajikistan,4,4,3.5,3.8,4,3.5,3,3.5,3.5,3.5,3.5,3.5,2.5,3.3,3,4,3,3,2.5,3.1,3.5,3.4
TJK,2010,ADB_CPA,Tajikistan,4,4,4,4,4,3.5,3.5,3.7,3.5,3.5,3.5,3.5,3,3.4,3.5,4,3.5,3.5,3,3.5,4.5,3.6
TJK,2011,ADB_CPA,Tajikistan,4,4,4,4,4,3.5,4,3.8,3.5,3.5,3.5,3.5,3,3.4,3.5,4,3.5,3.5,3,3.5,4.5,3.7
TJK,2012,ADB_CPA,Tajikistan,4,4,4,4,4,3.5,4,3.8,3.5,4,3.5,3.5,3,3.5,3.5,4,3.5,3.5,3,3.5,4,3.7
TJK,2013,ADB_CPA,Tajikistan,4,4,4,4,4,3.5,4,3.8,3.5,4,3.5,4,3,3.6,3.5,4,4,3.5,3,3.6,4.5,3.8
TJK,2014,ADB_CPA,Tajikistan,4,4,4,4,4,3.5,4,3.8,4,4,3.5,4,3,3.7,3.5,4,4,3.5,3,3.6,4,3.8
TJK,2015,ADB_CPA,Tajikistan,4,4,4,4,4,3.5,4,3.8,4,4,3.5,4,3,3.7,3.5,4,4,3.5,3,3.6,4,3.8
TJK,2016,ADB_CPA,Tajikistan,3.5,4,4,3.8,4,3.5,4,3.8,4,3.5,3.5,4,3,3.6,3.5,4,4,3.5,2.5,3.5,4.5,3.7
TJK,2017,ADB_CPA,Tajikistan,,,,,,,,,,,,,,,,,,,,,,
TJK,2018,ADB_CPA,Tajikistan,4,3.5,3.5,3.7,4,2.5,4,3.5,4,3.5,4,4,3,3.7,3.5,4,4,3.5,2.5,3.5,4.5,3.6
TJK,2019,ADB_CPA,Tajikistan,,,,,,,,,,,,,,,,,,,,,,
TJK,2020,ADB_CPA,Tajikistan,4,3.5,3.5,3.7,4.5,2.5,4,3.7,4,3.5,4,4,3,3.7,3.5,4,4.5,3.5,2.5,3.6,4.5,3.7
TLS,2006,ADB_CPA,Timor-Leste,0,0,0,0,0,0,0,0,0,0,0,0,0,0,0,0,0,0,0,0,0,0
TLS,2007,ADB_CPA,Timor-Leste,4,3.5,5.5,4.3,3.5,2.5,1.5,2.5,2.5,4,2.5,1.5,2,2.5,2,3,3,3,3,2.8,3.5,3
TLS,2008,ADB_CPA,Timor-Leste,3.5,3,4,3.5,3.5,2,1.5,2.3,2.5,3.5,2.5,3,2,2.7,1.5,3,3,2.5,2,2.4,3.5,2.7
TLS,2009,ADB_CPA,Timor-Leste,3.5,3,4,3.5,4.5,2.5,1.5,2.8,3,4,3,2.5,2.5,3,1.5,3,3,2.5,2.5,2.5,3.5,3
TLS,2010,ADB_CPA,Timor-Leste,3,3.5,3.5,3.3,4.5,2.5,2,3,3,3,2.5,3,2.5,2.8,2,3,3,2.5,2.5,2.6,3.5,2.9
TLS,2011,ADB_CPA,Timor-Leste,3.5,4,4,3.8,4.5,2.5,2.5,3.2,3.5,3,3,3,2.5,3,3,3,4,3,3,3.2,3.5,3.3
TLS,2012,ADB_CPA,Timor-Leste,3.5,4,4.5,4,4.5,2.5,2.5,3.2,3.5,3.5,3,3,2.5,3.1,3,3,4,3,3,3.2,3.5,3.4
TLS,2013,ADB_CPA,Timor-Leste,3.5,4,4.5,4,4.5,2.5,2.5,3.2,3.5,3,3,3,2.5,3,2.5,3,4,3,3,3.1,3,3.3
TLS,2014,ADB_CPA,Timor-Leste,3.5,4,4.5,4,4.5,2.5,2.5,3.2,3.5,3.5,3,3,2.5,3.1,3,3.5,4,3,3,3.3,4.5,3.4
TLS,2015,ADB_CPA,Timor-Leste,3.5,4,4.5,4,4.5,2.5,2.5,3.2,3.5,3.5,3,3,2.5,3.1,3,3.5,4,3,3,3.3,4.5,3.4
TLS,2016,ADB_CPA,Timor-Leste,4,4,4,4,4.5,3,2.5,3.3,3,3.5,3,3.5,3,3.2,3,3.5,4,3,3,3.3,4,3.5
TLS,2017,ADB_CPA,Timor-Leste,,,,,,,,,,,,,,,,,,,,,,
TLS,2018,ADB_CPA,Timor-Leste,3.5,3.5,3.5,3.5,4.5,3,2.5,3.3,3.5,3.5,3.5,3.5,2.5,3.3,2.5,3.5,3.5,3,3,3.1,4,3.3
TLS,2019,ADB_CPA,Timor-Leste,,,,,,,,,,,,,,,,,,,,,,
TLS,2020,ADB_CPA,Timor-Leste,3.5,3,3.5,3.3,4.5,3,2.5,3.3,3.5,3.5,3.5,3.5,2.5,3.3,2.5,3.5,3.5,3,3,3.1,3.5,3.3
TON,2006,ADB_CPA,Tonga,3,3,4,3.3,2,4.5,3,3.2,3.5,4,4.5,2.5,3.5,3.6,4,3,3,3.5,2,3.1,4.5,3.3
TON,2007,ADB_CPA,Tonga,3,4,3,3.3,2,4,3,3,3.5,3,4,3,3,3.3,3,4,4,3.5,3,3.5,3.5,3.3
TON,2008,ADB_CPA,Tonga,3,3.5,3,3.2,3,4,3,3.3,3,3,4,2.5,3,3.1,3.5,3.5,3.5,3.5,3.5,3.5,3.5,3.3
TON,2009,ADB_CPA,Tonga,3,3.5,3,3.2,4,4,3.5,3.8,3,3.5,3.5,2.5,3,3.1,4,3.5,4.5,4,3.5,3.9,3.5,3.5
TON,2010,ADB_CPA,Tonga,3,3,3,3,4,3,3.5,3.5,3.5,4,3.5,2.5,3,3.3,3.5,4,4.5,4,3.5,3.9,3,3.4
TON,2011,ADB_CPA,Tonga,3,3,3,3,4,3,3.5,3.5,3.5,4,3.5,2.5,3,3.3,3.5,4,4.5,4,3.5,3.9,3.5,3.4
TON,2012,ADB_CPA,Tonga,3.5,3.5,3,3.3,4.5,3.5,3,3.7,3,4,4,3,4,3.6,3.5,4,4.5,4,3.5,3.9,3.5,3.6
TON,2013,ADB_CPA,Tonga,3.5,3.5,3,3.3,4.5,3.5,3,3.7,3,4,4,3,4,3.6,3.5,4,4.5,4,3.5,3.9,3.5,3.6
TON,2014,ADB_CPA,Tonga,3.5,3.5,3,3.3,4.5,3.5,3,3.7,3,4,4,3,4,3.6,3.5,4,4.5,3.5,3.5,3.8,3.5,3.6
TON,2015,ADB_CPA,Tonga,3.5,3.5,3,3.3,4.5,3.5,3,3.7,3,4,4,3,4,3.6,3.5,4,4.5,3.5,3.5,3.8,4.5,3.6
TON,2016,ADB_CPA,Tonga,3.5,3.5,3,3.3,4.5,3.5,3,3.7,3,4,4,3,4,3.6,3.5,4,4.5,3.5,3.5,3.8,4.5,3.6
TON,2017,ADB_CPA,Tonga,,,,,,,,,,,,,,,,,,,,,,
TON,2018,ADB_CPA,Tonga,4,3.5,3,3.5,4.5,3.5,3,3.7,2.5,4,4,3,3.5,3.4,3.5,3.5,4.5,3,3.5,3.6,4,3.5
TON,2019,ADB_CPA,Tonga,,,,,,,,,,,,,,,,,,,,,,
TON,2020,ADB_CPA,Tonga,4,3.5,3.5,3.7,4.5,3.5,3.5,3.8,2.5,4,4,3.5,4,3.6,3.5,3,4.5,3,3.5,3.5,4,3.7
TUV,2006,ADB_CPA,Tuvalu,3.5,3,3.5,3.3,3,2.5,2.5,2.7,3.5,4,4,3.5,3,3.6,4.5,3,3,3,3.5,3.4,4,3.3
TUV,2007,ADB_CPA,Tuvalu,3.5,3.5,3,3.3,2.5,2.5,2.5,2.5,3.5,3.5,4,3,3,3.4,4,3,2.5,3,3,3.1,4,3.1
TUV,2008,ADB_CPA,Tuvalu,3.5,3.5,3,3.3,2.5,2.5,2.5,2.5,3.5,3.5,4,3,3,3.4,4,3,2.5,3,3,3.1,3.5,3.1
TUV,2009,ADB_CPA,Tuvalu,3.5,3,3,3.2,3.5,2.5,2.5,2.8,3,3.5,3.5,3,3,3.2,4,3,3,3,3,3.2,4.5,3.1
TUV,2010,ADB_CPA,Tuvalu,3.5,3,1.5,2.7,3,2,2.5,2.5,3,3.5,4,3,3,3.3,4,3,3,3.5,3,3.3,2.5,2.9
TUV,2011,ADB_CPA,Tuvalu,3.5,3,1.5,2.7,3,2,2.5,2.5,3,3.5,4,2.5,3,3.2,4,3,3,3.5,3,3.3,2.5,2.9
TUV,2012,ADB_CPA,Tuvalu,3.5,3,2,2.8,3.5,2.5,2.5,2.8,3,3.5,4,3.5,3,3.4,4,2.5,3,3.5,3,3.2,3.5,3.1
TUV,2013,ADB_CPA,Tuvalu,3.5,3,2,2.8,3,2.5,2.5,2.7,3,3.5,4,3.5,3.5,3.5,4,3,3,3,3,3.2,3.5,3.1
TUV,2014,ADB_CPA,Tuvalu,3.5,3,2,2.8,3,2.5,2.5,2.7,3,3,4,3,3,3.2,4,3,3,3,3,3.2,4,3
TUV,2015,ADB_CPA,Tuvalu,3.5,3,2,2.8,3,2.5,2.5,2.7,3,3,4,3,3,3.2,4,3,3,3,3,3.2,4,3
TUV,2016,ADB_CPA,Tuvalu,3.5,3,2,2.8,3.5,2.5,2.5,2.8,3,3,4,3,3,3.2,4,3.5,3,2.5,3,3.2,4,3
TUV,2017,ADB_CPA,Tuvalu,,,,,,,,,,,,,,,,,,,,,,
TUV,2018,ADB_CPA,Tuvalu,3.5,3,2,2.8,3.5,2.5,2.5,2.8,3,3,4,3,3,3.2,4,3.5,3,2.5,3,3.2,4.5,3
TUV,2019,ADB_CPA,Tuvalu,,,,,,,,,,,,,,,,,,,,,,
TUV,2020,ADB_CPA,Tuvalu,3.5,3,2,2.8,3.5,2.5,2.5,2.8,3,3,4,3,3,3.2,3.5,3.5,3,2.5,3,3.1,3,3
UZB,2006,ADB_CPA,Uzbekistan,3.5,3.5,4,3.7,2.5,2.5,2.5,2.5,3.5,3.5,4,3,3.5,3.5,2.5,3,3,2.5,1.5,2.5,2.5,3
UZB,2007,ADB_CPA,Uzbekistan,4,4,4.5,4.2,2.5,3,3,2.8,3.5,4,4,3.5,3.5,3.7,2.5,3,3,2.5,1.5,2.5,2.5,3.3
UZB,2008,ADB_CPA,Uzbekistan,4.5,4.5,4.5,4.5,3.5,3,3.5,3.3,4,4,4,4,4.5,4.1,3.5,4,4,2.5,2.5,3.3,3,3.8
UZB,2009,ADB_CPA,Uzbekistan,4.5,4.5,4.5,4.5,3.5,3,3.5,3.3,4,4,4,4,4,4,3.5,4,4,2.5,2.5,3.3,3,3.8
UZB,2010,ADB_CPA,Uzbekistan,4.5,4.5,4.5,4.5,3.5,3.5,3.5,3.5,4,4,4,4,4,4,3.5,4,4,3,2.5,3.4,3.5,3.9
UZB,2011,ADB_CPA,Uzbekistan,4.5,5,5,4.8,3.5,3.5,3.5,3.5,4,4,4,4,4,4,3.5,4.5,4,3,2.5,3.5,3.5,4
UZB,2012,ADB_CPA,Uzbekistan,5,5,5,5,3,4,4,3.7,4,4,4.5,4,4,4.1,4,4.5,4,3,2.5,3.6,3,4.1
UZB,2013,ADB_CPA,Uzbekistan,5,5,5,5,3,3.5,4,3.5,4,4.5,4.5,4.5,4,4.3,4,4.5,4,3,2.5,3.6,3,4.1
UZB,2014,ADB_CPA,Uzbekistan,5,5,5,5,3,4,4,3.7,4,4.5,5,4.5,4,4.4,4,5,4,3,2.5,3.7,4,4.2
UZB,2015,ADB_CPA,Uzbekistan,5,5,5,5,3,4,4,3.7,4,4.5,5,4.5,4,4.4,4,5,4,3,2.5,3.7,4.5,4.2
UZB,2016,ADB_CPA,Uzbekistan,5,5,5,5,3,4,4,3.7,4,4.5,5,4.5,4,4.4,4,5,4,3,3,3.8,4.5,4.2
UZB,2017,ADB_CPA,Uzbekistan,,,,,,,,,,,,,,,,,,,,,,
UZB,2018,ADB_CPA,Uzbekistan,4.5,5,5,4.8,3.5,4,4.5,4,4,4.5,5,4.5,3.5,4.3,4,4.5,4,3,3,3.7,3,4.2
UZB,2019,ADB_CPA,Uzbekistan,,,,,,,,,,,,,,,,,,,,,,
UZB,2020,ADB_CPA,Uzbekistan,5,5,5,5,3.5,4,4.5,4,4,4.5,4.5,4.5,4,4.3,4,5,4,3,3,3.8,3,4.3
VNM,2006,ADB_CPA,Vietnam,5,4,4.5,4.5,3.5,4,4,3.8,5,4.5,4,4,4,4.4,4,4,4,4,3.5,3.9,4.5,4.2
VNM,2007,ADB_CPA,Vietnam,5,4.5,4.5,4.7,3.5,4,4,3.8,5,4.5,4.5,4,4,4.4,4,4,4,4,4,4,3.5,4.2
VNM,2008,ADB_CPA,Vietnam,4.5,4.5,4.5,4.5,3.5,4,4,3.8,4.5,5,4,4,4,4.3,4,4,4,4,4,4,3.5,4.2
VNM,2009,ADB_CPA,Vietnam,4.5,4.5,4.5,4.5,3.5,4.5,3.5,3.8,4.5,5,4.5,4.5,4.5,4.6,4.5,4,4,4,4,4.1,3.5,4.3
VNM,2010,ADB_CPA,Vietnam,4.5,4.5,4.5,4.5,4,4.5,4,4.2,4.5,5,4.5,4.5,4.5,4.6,4.5,4.5,4,4,4,4.2,3.5,4.4
VNM,2011,ADB_CPA,Vietnam,4,4.5,4.5,4.3,4,4.5,4,4.2,5,5.5,4.5,4.5,4.5,4.8,4.5,4.5,4.5,4,4,4.3,3.5,4.4
VNM,2012,ADB_CPA,Vietnam,4.5,4.5,4.5,4.5,4,4.5,4,4.2,5,5.5,5,4.5,4.5,4.9,4.5,4.5,4.5,4.5,4,4.4,3,4.5
VNM,2013,ADB_CPA,Vietnam,4.5,4.5,4.5,4.5,4,4.5,4,4.2,5,5.5,5,4.5,4.5,4.9,4.5,4.5,4.5,4.5,4,4.4,3,4.5
VNM,2014,ADB_CPA,Vietnam,5,4.5,4.5,4.7,4.5,4.5,4,4.3,4.5,5.5,5,4.5,4,4.7,4.5,4.5,4.5,4.5,4,4.4,3.5,4.5
VNM,2015,ADB_CPA,Vietnam,5,4.5,4.5,4.7,4.5,4.5,4,4.3,4.5,5.5,5,4.5,4,4.7,4.5,4.5,4.5,4.5,4,4.4,4,4.5
VNM,2016,ADB_CPA,Vietnam,5,4.5,4,4.5,4.5,4.5,4,4.3,4.5,5.5,5,4.5,4,4.7,4.5,4.5,4.5,4.5,4,4.4,4,4.5
VNM,2017,ADB_CPA,Vietnam,,,,,,,,,,,,,,,,,,,,,,
VNM,2018,ADB_CPA,Vietnam,,,,,,,,,,,,,,,,,,,,,,
VNM,2019,ADB_CPA,Vietnam,,,,,,,,,,,,,,,,,,,,,,
VNM,2020,ADB_CPA,Vietnam,,,,,,,,,,,,,,,,,,,,,,
VUT,2006,ADB_CPA,Vanuatu,4,3.5,3.5,3.7,3,3,3,3,2.5,3,2.5,2.5,3,2.7,2.5,3,3,3,2.5,2.8,4.5,3
VUT,2007,ADB_CPA,Vanuatu,4,3.5,4,3.8,2.5,3,3,2.8,2.5,3,2.5,3,3,2.8,3,3.5,3,3,3,3.1,3.5,3.1
VUT,2008,ADB_CPA,Vanuatu,4,3.5,4,3.8,2.5,3.5,3,3,3,3,2.5,2.5,3,2.8,3,3.5,3,3.5,3,3.2,3.5,3.2
VUT,2009,ADB_CPA,Vanuatu,4,3.5,4,3.8,3,4,3,3.3,3,3,2.5,3,2.5,2.8,3.5,3,3,3,3,3.1,3.5,3.3
VUT,2010,ADB_CPA,Vanuatu,4,3.5,4,3.8,3,4,3,3.3,3,3,2.5,3,2.5,2.8,3.5,3.5,3,3.5,3,3.3,3.5,3.3
VUT,2011,ADB_CPA,Vanuatu,4,3.5,4,3.8,3,4,3,3.3,3,3,2.5,3,2.5,2.8,3.5,3.5,3,3.5,3,3.3,3.5,3.3
VUT,2012,ADB_CPA,Vanuatu,4,3.5,4,3.8,3,3.5,3,3.2,3,3,2.5,3,2.5,2.8,3,3.5,2.5,3.5,2.5,3,3.5,3.2
VUT,2013,ADB_CPA,Vanuatu,4,3,4.5,3.8,3.5,3.5,3,3.3,3,3,3,3,2.5,2.9,3,3.5,2.5,3.5,3,3.1,4.5,3.3
VUT,2014,ADB_CPA,Vanuatu,4,3,4.5,3.8,3.5,3.5,3,3.3,3,3,3,3,2.5,2.9,3,3.5,3,3.5,3,3.2,4.5,3.3
VUT,2015,ADB_CPA,Vanuatu,4,3,4.5,3.8,3.5,3.5,3,3.3,3,3,3,3,2.5,2.9,3,3.5,3,3.5,3,3.2,2.5,3.3
VUT,2016,ADB_CPA,Vanuatu,3.5,3,4,3.5,3.5,3.5,3,3.3,3,3,3,3,2.5,2.9,3,3.5,3,3.5,2.5,3.1,2.5,3.2
VUT,2017,ADB_CPA,Vanuatu,,,,,,,,,,,,,,,,,,,,,,
VUT,2018,ADB_CPA,Vanuatu,3,3,4,3.3,3.5,3.5,3,3.3,3,3,3,3,2.5,2.9,3,3.5,3,3.5,3,3.2,3.5,3.2
VUT,2019,ADB_CPA,Vanuatu,,,,,,,,,,,,,,,,,,,,,,
VUT,2020,ADB_CPA,Vanuatu,3,3,4,3.3,3.5,3.5,3,3.3,3,3,3,3,2.5,2.9,3,3.5,3.5,3,3,3.2,2.5,3.2
WSM,2006,ADB_CPA,Samoa,4.5,4.5,4.5,4.5,4.5,4.5,3.5,4.2,4.5,4.5,5,4,4,4.4,4.5,4.5,4.5,4.5,4.5,4.5,3.5,4.4
WSM,2007,ADB_CPA,Samoa,4.5,4,4,4.2,4.5,4.5,3.5,4.2,4.5,4,4.5,3.5,3.5,4,4.5,4,4.5,4.5,4.5,4.4,4,4.2
WSM,2008,ADB_CPA,Samoa,4.5,4,4,4.2,4.5,4.5,3.5,4.2,4.5,4,4.5,3.5,3.5,4,4.5,4,4.5,4.5,4.5,4.4,3,4.2
WSM,2009,ADB_CPA,Samoa,3,3,3.5,3.2,4.5,4,3.5,4,3.5,4,4,3,3,3.5,4,3.5,4.5,4,4,4,3.5,3.7
WSM,2010,ADB_CPA,Samoa,3.5,3,3.5,3.3,5,4,3.5,4.2,3.5,4,4,3.5,4,3.8,4,3.5,4.5,4,4,4,3.5,3.8
WSM,2011,ADB_CPA,Samoa,3.5,3,3.5,3.3,5,4,3.5,4.2,3.5,4,4,3.5,4,3.8,4,3.5,4.5,4,4,4,4.5,3.8
WSM,2012,ADB_CPA,Samoa,4,3.5,3.5,3.7,5,4,3.5,4.2,3.5,4.5,4.5,3.5,4,4,4,3.5,4.5,4,4,4,3,4
WSM,2013,ADB_CPA,Samoa,4,3.5,3.5,3.7,5,4,3.5,4.2,3.5,4.5,4.5,3.5,4,4,4,3.5,4.5,4,4,4,2.5,4
WSM,2014,ADB_CPA,Samoa,3.5,4,3,3.5,5,4,3.5,4.2,3.5,4.5,4.5,3.5,3.5,3.9,4,3.5,4.5,4,4,4,3.5,3.9
WSM,2015,ADB_CPA,Samoa,3.5,4,3,3.5,5,4,3.5,4.2,3.5,4.5,4.5,3.5,3.5,3.9,4,3.5,4.5,4,4,4,4.5,3.9
WSM,2016,ADB_CPA,Samoa,3.5,4,3.5,3.7,4.5,3.5,3.5,3.8,3.5,4.5,4,3.5,3.5,3.8,4,3.5,4,4,3.5,3.8,4.5,3.8
WSM,2017,ADB_CPA,Samoa,,,,,,,,,,,,,,,,,,,,,,
WSM,2018,ADB_CPA,Samoa,3.5,4,3.5,3.7,4.5,3.5,3.5,3.8,3.5,4.5,4,3.5,3.5,3.8,4,3.5,4,4,3.5,3.8,3.5,3.8
WSM,2019,ADB_CPA,Samoa,,,,,,,,,,,,,,,,,,,,,,
WSM,2020,ADB_CPA,Samoa,3.5,4,3.5,3.7,4.5,3.5,3.5,3.8,3.5,4.5,4,3.5,4,3.9,4,3.5,4,4,3.5,3.8,3.5,3.8
