iso,hdi_rank,country_name,year,hdi_value,data_source
AFG,169, Afghanistan,2000,0.35,UN HDI
AFG,169, Afghanistan,2001,0.353,UN HDI
AFG,169, Afghanistan,2002,0.384,UN HDI
AFG,169, Afghanistan,2003,0.393,UN HDI
AFG,169, Afghanistan,2004,0.409,UN HDI
AFG,169, Afghanistan,2005,0.418,UN HDI
AFG,169, Afghanistan,2006,0.429,UN HDI
AFG,169, Afghanistan,2007,0.447,UN HDI
AFG,169, Afghanistan,2008,0.447,UN HDI
AFG,169, Afghanistan,2009,0.46,UN HDI
ARM,81, Armenia,2000,0.669,UN HDI
ARM,81, Armenia,2001,0.673,UN HDI
ARM,81, Armenia,2002,0.682,UN HDI
ARM,81, Armenia,2003,0.691,UN HDI
ARM,81, Armenia,2004,0.7,UN HDI
ARM,81, Armenia,2005,0.712,UN HDI
ARM,81, Armenia,2006,0.726,UN HDI
ARM,81, Armenia,2007,0.741,UN HDI
ARM,81, Armenia,2008,0.745,UN HDI
ARM,81, Armenia,2009,0.742,UN HDI
AUS,8, Australia,2000,0.903,UN HDI
AUS,8, Australia,2001,0.905,UN HDI
AUS,8, Australia,2002,0.907,UN HDI
AUS,8, Australia,2003,0.909,UN HDI
AUS,8, Australia,2004,0.911,UN HDI
AUS,8, Australia,2005,0.906,UN HDI
AUS,8, Australia,2006,0.909,UN HDI
AUS,8, Australia,2007,0.912,UN HDI
AUS,8, Australia,2008,0.926,UN HDI
AUS,8, Australia,2009,0.928,UN HDI
AZE,88, Azerbaijan,2000,0.635,UN HDI
AZE,88, Azerbaijan,2001,0.643,UN HDI
AZE,88, Azerbaijan,2002,0.651,UN HDI
AZE,88, Azerbaijan,2003,0.659,UN HDI
AZE,88, Azerbaijan,2004,0.667,UN HDI
AZE,88, Azerbaijan,2005,0.674,UN HDI
AZE,88, Azerbaijan,2006,0.701,UN HDI
AZE,88, Azerbaijan,2007,0.706,UN HDI
AZE,88, Azerbaijan,2008,0.716,UN HDI
AZE,88, Azerbaijan,2009,0.727,UN HDI
BGD,133, Bangladesh,2000,0.478,UN HDI
BGD,133, Bangladesh,2001,0.486,UN HDI
BGD,133, Bangladesh,2002,0.492,UN HDI
BGD,133, Bangladesh,2003,0.499,UN HDI
BGD,133, Bangladesh,2004,0.506,UN HDI
BGD,133, Bangladesh,2005,0.514,UN HDI
BGD,133, Bangladesh,2006,0.521,UN HDI
BGD,133, Bangladesh,2007,0.528,UN HDI
BGD,133, Bangladesh,2008,0.531,UN HDI
BGD,133, Bangladesh,2009,0.543,UN HDI
BRN,47, Brunei Darussalam,2000,0.802,UN HDI
BRN,47, Brunei Darussalam,2001,0.803,UN HDI
BRN,47, Brunei Darussalam,2002,0.807,UN HDI
BRN,47, Brunei Darussalam,2003,0.813,UN HDI
BRN,47, Brunei Darussalam,2004,0.818,UN HDI
BRN,47, Brunei Darussalam,2005,0.822,UN HDI
BRN,47, Brunei Darussalam,2006,0.825,UN HDI
BRN,47, Brunei Darussalam,2007,0.825,UN HDI
BRN,47, Brunei Darussalam,2008,0.825,UN HDI
BRN,47, Brunei Darussalam,2009,0.827,UN HDI
BTN,129, Bhutan,2000,..,UN HDI
BTN,129, Bhutan,2001,..,UN HDI
BTN,129, Bhutan,2002,..,UN HDI
BTN,129, Bhutan,2003,..,UN HDI
BTN,129, Bhutan,2004,..,UN HDI
BTN,129, Bhutan,2005,0.52,UN HDI
BTN,129, Bhutan,2006,0.526,UN HDI
BTN,129, Bhutan,2007,0.542,UN HDI
BTN,129, Bhutan,2008,0.551,UN HDI
BTN,129, Bhutan,2009,0.561,UN HDI
CHN,85, China,2000,0.588,UN HDI
CHN,85, China,2001,0.596,UN HDI
CHN,85, China,2002,0.606,UN HDI
CHN,85, China,2003,0.618,UN HDI
CHN,85, China,2004,0.628,UN HDI
CHN,85, China,2005,0.64,UN HDI
CHN,85, China,2006,0.653,UN HDI
CHN,85, China,2007,0.667,UN HDI
CHN,85, China,2008,0.678,UN HDI
CHN,85, China,2009,0.687,UN HDI
FJI,93, Fiji,2000,0.695,UN HDI
FJI,93, Fiji,2001,0.698,UN HDI
FJI,93, Fiji,2002,0.7,UN HDI
FJI,93, Fiji,2003,0.702,UN HDI
FJI,93, Fiji,2004,0.709,UN HDI
FJI,93, Fiji,2005,0.705,UN HDI
FJI,93, Fiji,2006,0.708,UN HDI
FJI,93, Fiji,2007,0.711,UN HDI
FJI,93, Fiji,2008,0.712,UN HDI
FJI,93, Fiji,2009,0.715,UN HDI
FSM,136, Micronesia (Federated States of),2000,0.546,UN HDI
FSM,136, Micronesia (Federated States of),2001,0.553,UN HDI
FSM,136, Micronesia (Federated States of),2002,0.559,UN HDI
FSM,136, Micronesia (Federated States of),2003,0.565,UN HDI
FSM,136, Micronesia (Federated States of),2004,0.57,UN HDI
FSM,136, Micronesia (Federated States of),2005,0.577,UN HDI
FSM,136, Micronesia (Federated States of),2006,0.583,UN HDI
FSM,136, Micronesia (Federated States of),2007,0.589,UN HDI
FSM,136, Micronesia (Federated States of),2008,0.593,UN HDI
FSM,136, Micronesia (Federated States of),2009,0.596,UN HDI
GEO,61, Georgia,2000,0.69,UN HDI
GEO,61, Georgia,2001,0.694,UN HDI
GEO,61, Georgia,2002,0.699,UN HDI
GEO,61, Georgia,2003,0.708,UN HDI
GEO,61, Georgia,2004,0.715,UN HDI
GEO,61, Georgia,2005,0.725,UN HDI
GEO,61, Georgia,2006,0.731,UN HDI
GEO,61, Georgia,2007,0.743,UN HDI
GEO,61, Georgia,2008,0.742,UN HDI
GEO,61, Georgia,2009,0.746,UN HDI
HKG,4," Hong Kong, China (SAR)",2000,0.83,UN HDI
HKG,4," Hong Kong, China (SAR)",2001,0.838,UN HDI
HKG,4," Hong Kong, China (SAR)",2002,0.845,UN HDI
HKG,4," Hong Kong, China (SAR)",2003,0.854,UN HDI
HKG,4," Hong Kong, China (SAR)",2004,0.865,UN HDI
HKG,4," Hong Kong, China (SAR)",2005,0.874,UN HDI
HKG,4," Hong Kong, China (SAR)",2006,0.886,UN HDI
HKG,4," Hong Kong, China (SAR)",2007,0.89,UN HDI
HKG,4," Hong Kong, China (SAR)",2008,0.899,UN HDI
HKG,4," Hong Kong, China (SAR)",2009,0.901,UN HDI
IDN,107, Indonesia,2000,0.603,UN HDI
IDN,107, Indonesia,2001,0.609,UN HDI
IDN,107, Indonesia,2002,0.615,UN HDI
IDN,107, Indonesia,2003,0.622,UN HDI
IDN,107, Indonesia,2004,0.628,UN HDI
IDN,107, Indonesia,2005,0.632,UN HDI
IDN,107, Indonesia,2006,0.642,UN HDI
IDN,107, Indonesia,2007,0.643,UN HDI
IDN,107, Indonesia,2008,0.647,UN HDI
IDN,107, Indonesia,2009,0.658,UN HDI
IND,131, India,2000,0.495,UN HDI
IND,131, India,2001,0.499,UN HDI
IND,131, India,2002,0.506,UN HDI
IND,131, India,2003,0.518,UN HDI
IND,131, India,2004,0.527,UN HDI
IND,131, India,2005,0.536,UN HDI
IND,131, India,2006,0.546,UN HDI
IND,131, India,2007,0.555,UN HDI
IND,131, India,2008,0.563,UN HDI
IND,131, India,2009,0.569,UN HDI
JPN,19, Japan,2000,0.858,UN HDI
JPN,19, Japan,2001,0.861,UN HDI
JPN,19, Japan,2002,0.864,UN HDI
JPN,19, Japan,2003,0.867,UN HDI
JPN,19, Japan,2004,0.871,UN HDI
JPN,19, Japan,2005,0.875,UN HDI
JPN,19, Japan,2006,0.879,UN HDI
JPN,19, Japan,2007,0.882,UN HDI
JPN,19, Japan,2008,0.883,UN HDI
JPN,19, Japan,2009,0.882,UN HDI
KAZ,51, Kazakhstan,2000,0.685,UN HDI
KAZ,51, Kazakhstan,2001,0.7,UN HDI
KAZ,51, Kazakhstan,2002,0.714,UN HDI
KAZ,51, Kazakhstan,2003,0.726,UN HDI
KAZ,51, Kazakhstan,2004,0.737,UN HDI
KAZ,51, Kazakhstan,2005,0.747,UN HDI
KAZ,51, Kazakhstan,2006,0.754,UN HDI
KAZ,51, Kazakhstan,2007,0.758,UN HDI
KAZ,51, Kazakhstan,2008,0.758,UN HDI
KAZ,51, Kazakhstan,2009,0.762,UN HDI
KGZ,120, Kyrgyzstan,2000,0.62,UN HDI
KGZ,120, Kyrgyzstan,2001,0.628,UN HDI
KGZ,120, Kyrgyzstan,2002,0.63,UN HDI
KGZ,120, Kyrgyzstan,2003,0.637,UN HDI
KGZ,120, Kyrgyzstan,2004,0.64,UN HDI
KGZ,120, Kyrgyzstan,2005,0.642,UN HDI
KGZ,120, Kyrgyzstan,2006,0.647,UN HDI
KGZ,120, Kyrgyzstan,2007,0.654,UN HDI
KGZ,120, Kyrgyzstan,2008,0.656,UN HDI
KGZ,120, Kyrgyzstan,2009,0.661,UN HDI
KHM,144, Cambodia,2000,0.424,UN HDI
KHM,144, Cambodia,2001,0.438,UN HDI
KHM,144, Cambodia,2002,0.457,UN HDI
KHM,144, Cambodia,2003,0.47,UN HDI
KHM,144, Cambodia,2004,0.482,UN HDI
KHM,144, Cambodia,2005,0.494,UN HDI
KHM,144, Cambodia,2006,0.506,UN HDI
KHM,144, Cambodia,2007,0.52,UN HDI
KHM,144, Cambodia,2008,0.525,UN HDI
KHM,144, Cambodia,2009,0.528,UN HDI
KOR,23, Korea (Republic of),2000,0.823,UN HDI
KOR,23, Korea (Republic of),2001,0.829,UN HDI
KOR,23, Korea (Republic of),2002,0.837,UN HDI
KOR,23, Korea (Republic of),2003,0.844,UN HDI
KOR,23, Korea (Republic of),2004,0.853,UN HDI
KOR,23, Korea (Republic of),2005,0.86,UN HDI
KOR,23, Korea (Republic of),2006,0.868,UN HDI
KOR,23, Korea (Republic of),2007,0.875,UN HDI
KOR,23, Korea (Republic of),2008,0.88,UN HDI
KOR,23, Korea (Republic of),2009,0.877,UN HDI
LAO,137, Lao People's Democratic Republic,2000,0.471,UN HDI
LAO,137, Lao People's Democratic Republic,2001,0.477,UN HDI
LAO,137, Lao People's Democratic Republic,2002,0.486,UN HDI
LAO,137, Lao People's Democratic Republic,2003,0.494,UN HDI
LAO,137, Lao People's Democratic Republic,2004,0.503,UN HDI
LAO,137, Lao People's Democratic Republic,2005,0.512,UN HDI
LAO,137, Lao People's Democratic Republic,2006,0.514,UN HDI
LAO,137, Lao People's Democratic Republic,2007,0.527,UN HDI
LAO,137, Lao People's Democratic Republic,2008,0.535,UN HDI
LAO,137, Lao People's Democratic Republic,2009,0.545,UN HDI
LKA,72, Sri Lanka,2000,0.691,UN HDI
LKA,72, Sri Lanka,2001,0.697,UN HDI
LKA,72, Sri Lanka,2002,0.703,UN HDI
LKA,72, Sri Lanka,2003,0.712,UN HDI
LKA,72, Sri Lanka,2004,0.719,UN HDI
LKA,72, Sri Lanka,2005,0.725,UN HDI
LKA,72, Sri Lanka,2006,0.732,UN HDI
LKA,72, Sri Lanka,2007,0.738,UN HDI
LKA,72, Sri Lanka,2008,0.746,UN HDI
LKA,72, Sri Lanka,2009,0.749,UN HDI
MDV,95, Maldives,2000,0.622,UN HDI
MDV,95, Maldives,2001,0.626,UN HDI
MDV,95, Maldives,2002,0.63,UN HDI
MDV,95, Maldives,2003,0.644,UN HDI
MDV,95, Maldives,2004,0.649,UN HDI
MDV,95, Maldives,2005,0.645,UN HDI
MDV,95, Maldives,2006,0.659,UN HDI
MDV,95, Maldives,2007,0.664,UN HDI
MDV,95, Maldives,2008,0.673,UN HDI
MDV,95, Maldives,2009,0.674,UN HDI
MHL,117, Marshall Islands,2000,..,UN HDI
MHL,117, Marshall Islands,2001,..,UN HDI
MHL,117, Marshall Islands,2002,..,UN HDI
MHL,117, Marshall Islands,2003,..,UN HDI
MHL,117, Marshall Islands,2004,..,UN HDI
MHL,117, Marshall Islands,2005,..,UN HDI
MHL,117, Marshall Islands,2006,..,UN HDI
MHL,117, Marshall Islands,2007,..,UN HDI
MHL,117, Marshall Islands,2008,..,UN HDI
MHL,117, Marshall Islands,2009,..,UN HDI
MMR,147, Myanmar,2000,0.414,UN HDI
MMR,147, Myanmar,2001,0.423,UN HDI
MMR,147, Myanmar,2002,0.432,UN HDI
MMR,147, Myanmar,2003,0.442,UN HDI
MMR,147, Myanmar,2004,0.452,UN HDI
MMR,147, Myanmar,2005,0.461,UN HDI
MMR,147, Myanmar,2006,0.471,UN HDI
MMR,147, Myanmar,2007,0.482,UN HDI
MMR,147, Myanmar,2008,0.493,UN HDI
MMR,147, Myanmar,2009,0.504,UN HDI
MNG,99, Mongolia,2000,0.588,UN HDI
MNG,99, Mongolia,2001,0.599,UN HDI
MNG,99, Mongolia,2002,0.608,UN HDI
MNG,99, Mongolia,2003,0.621,UN HDI
MNG,99, Mongolia,2004,0.636,UN HDI
MNG,99, Mongolia,2005,0.649,UN HDI
MNG,99, Mongolia,2006,0.659,UN HDI
MNG,99, Mongolia,2007,0.671,UN HDI
MNG,99, Mongolia,2008,0.682,UN HDI
MNG,99, Mongolia,2009,0.687,UN HDI
MYS,62, Malaysia,2000,0.723,UN HDI
MYS,62, Malaysia,2001,0.721,UN HDI
MYS,62, Malaysia,2002,0.723,UN HDI
MYS,62, Malaysia,2003,0.73,UN HDI
MYS,62, Malaysia,2004,0.733,UN HDI
MYS,62, Malaysia,2005,0.73,UN HDI
MYS,62, Malaysia,2006,0.737,UN HDI
MYS,62, Malaysia,2007,0.75,UN HDI
MYS,62, Malaysia,2008,0.761,UN HDI
MYS,62, Malaysia,2009,0.765,UN HDI
NPL,142, Nepal,2000,0.453,UN HDI
NPL,142, Nepal,2001,0.454,UN HDI
NPL,142, Nepal,2002,0.464,UN HDI
NPL,142, Nepal,2003,0.47,UN HDI
NPL,142, Nepal,2004,0.476,UN HDI
NPL,142, Nepal,2005,0.482,UN HDI
NPL,142, Nepal,2006,0.493,UN HDI
NPL,142, Nepal,2007,0.498,UN HDI
NPL,142, Nepal,2008,0.509,UN HDI
NPL,142, Nepal,2009,0.522,UN HDI
NZL,14, New Zealand,2000,0.876,UN HDI
NZL,14, New Zealand,2001,0.88,UN HDI
NZL,14, New Zealand,2002,0.888,UN HDI
NZL,14, New Zealand,2003,0.891,UN HDI
NZL,14, New Zealand,2004,0.894,UN HDI
NZL,14, New Zealand,2005,0.896,UN HDI
NZL,14, New Zealand,2006,0.898,UN HDI
NZL,14, New Zealand,2007,0.901,UN HDI
NZL,14, New Zealand,2008,0.902,UN HDI
NZL,14, New Zealand,2009,0.905,UN HDI
PAK,154, Pakistan,2000,0.447,UN HDI
PAK,154, Pakistan,2001,0.454,UN HDI
PAK,154, Pakistan,2002,0.462,UN HDI
PAK,154, Pakistan,2003,0.471,UN HDI
PAK,154, Pakistan,2004,0.473,UN HDI
PAK,154, Pakistan,2005,0.486,UN HDI
PAK,154, Pakistan,2006,0.492,UN HDI
PAK,154, Pakistan,2007,0.496,UN HDI
PAK,154, Pakistan,2008,0.503,UN HDI
PAK,154, Pakistan,2009,0.508,UN HDI
PHL,107, Philippines,2000,0.632,UN HDI
PHL,107, Philippines,2001,0.633,UN HDI
PHL,107, Philippines,2002,0.638,UN HDI
PHL,107, Philippines,2003,0.642,UN HDI
PHL,107, Philippines,2004,0.652,UN HDI
PHL,107, Philippines,2005,0.654,UN HDI
PHL,107, Philippines,2006,0.656,UN HDI
PHL,107, Philippines,2007,0.662,UN HDI
PHL,107, Philippines,2008,0.666,UN HDI
PHL,107, Philippines,2009,0.665,UN HDI
PLW,50, Palau,2000,0.744,UN HDI
PLW,50, Palau,2001,0.747,UN HDI
PLW,50, Palau,2002,0.751,UN HDI
PLW,50, Palau,2003,0.755,UN HDI
PLW,50, Palau,2004,0.758,UN HDI
PLW,50, Palau,2005,0.77,UN HDI
PLW,50, Palau,2006,0.774,UN HDI
PLW,50, Palau,2007,0.78,UN HDI
PLW,50, Palau,2008,0.781,UN HDI
PLW,50, Palau,2009,0.782,UN HDI
PNG,155, Papua New Guinea,2000,0.45,UN HDI
PNG,155, Papua New Guinea,2001,0.456,UN HDI
PNG,155, Papua New Guinea,2002,0.462,UN HDI
PNG,155, Papua New Guinea,2003,0.47,UN HDI
PNG,155, Papua New Guinea,2004,0.473,UN HDI
PNG,155, Papua New Guinea,2005,0.48,UN HDI
PNG,155, Papua New Guinea,2006,0.485,UN HDI
PNG,155, Papua New Guinea,2007,0.498,UN HDI
PNG,155, Papua New Guinea,2008,0.503,UN HDI
PNG,155, Papua New Guinea,2009,0.512,UN HDI
SGP,11, Singapore,2000,0.821,UN HDI
SGP,11, Singapore,2001,0.825,UN HDI
SGP,11, Singapore,2002,0.833,UN HDI
SGP,11, Singapore,2003,0.842,UN HDI
SGP,11, Singapore,2004,0.849,UN HDI
SGP,11, Singapore,2005,0.874,UN HDI
SGP,11, Singapore,2006,0.881,UN HDI
SGP,11, Singapore,2007,0.882,UN HDI
SGP,11, Singapore,2008,0.888,UN HDI
SGP,11, Singapore,2009,0.888,UN HDI
SLB,151, Solomon Islands,2000,0.475,UN HDI
SLB,151, Solomon Islands,2001,0.48,UN HDI
SLB,151, Solomon Islands,2002,0.486,UN HDI
SLB,151, Solomon Islands,2003,0.492,UN HDI
SLB,151, Solomon Islands,2004,0.5,UN HDI
SLB,151, Solomon Islands,2005,0.509,UN HDI
SLB,151, Solomon Islands,2006,0.519,UN HDI
SLB,151, Solomon Islands,2007,0.526,UN HDI
SLB,151, Solomon Islands,2008,0.524,UN HDI
SLB,151, Solomon Islands,2009,0.517,UN HDI
THA,79, Thailand,2000,0.652,UN HDI
THA,79, Thailand,2001,0.66,UN HDI
THA,79, Thailand,2002,0.669,UN HDI
THA,79, Thailand,2003,0.677,UN HDI
THA,79, Thailand,2004,0.686,UN HDI
THA,79, Thailand,2005,0.696,UN HDI
THA,79, Thailand,2006,0.697,UN HDI
THA,79, Thailand,2007,0.714,UN HDI
THA,79, Thailand,2008,0.718,UN HDI
THA,79, Thailand,2009,0.722,UN HDI
TJK,125, Tajikistan,2000,0.555,UN HDI
TJK,125, Tajikistan,2001,0.564,UN HDI
TJK,125, Tajikistan,2002,0.573,UN HDI
TJK,125, Tajikistan,2003,0.588,UN HDI
TJK,125, Tajikistan,2004,0.6,UN HDI
TJK,125, Tajikistan,2005,0.607,UN HDI
TJK,125, Tajikistan,2006,0.617,UN HDI
TJK,125, Tajikistan,2007,0.621,UN HDI
TJK,125, Tajikistan,2008,0.639,UN HDI
TJK,125, Tajikistan,2009,0.633,UN HDI
TKM,111, Turkmenistan,2000,..,UN HDI
TKM,111, Turkmenistan,2001,..,UN HDI
TKM,111, Turkmenistan,2002,..,UN HDI
TKM,111, Turkmenistan,2003,..,UN HDI
TKM,111, Turkmenistan,2004,..,UN HDI
TKM,111, Turkmenistan,2005,..,UN HDI
TKM,111, Turkmenistan,2006,..,UN HDI
TKM,111, Turkmenistan,2007,..,UN HDI
TKM,111, Turkmenistan,2008,..,UN HDI
TKM,111, Turkmenistan,2009,..,UN HDI
TLS,141, Timor-Leste,2000,0.484,UN HDI
TLS,141, Timor-Leste,2001,0.492,UN HDI
TLS,141, Timor-Leste,2002,0.503,UN HDI
TLS,141, Timor-Leste,2003,0.504,UN HDI
TLS,141, Timor-Leste,2004,0.518,UN HDI
TLS,141, Timor-Leste,2005,0.537,UN HDI
TLS,141, Timor-Leste,2006,0.563,UN HDI
TLS,141, Timor-Leste,2007,0.585,UN HDI
TLS,141, Timor-Leste,2008,0.616,UN HDI
TLS,141, Timor-Leste,2009,0.611,UN HDI
TON,104, Tonga,2000,0.675,UN HDI
TON,104, Tonga,2001,0.679,UN HDI
TON,104, Tonga,2002,0.684,UN HDI
TON,104, Tonga,2003,0.693,UN HDI
TON,104, Tonga,2004,0.682,UN HDI
TON,104, Tonga,2005,0.682,UN HDI
TON,104, Tonga,2006,0.683,UN HDI
TON,104, Tonga,2007,0.686,UN HDI
TON,104, Tonga,2008,0.688,UN HDI
TON,104, Tonga,2009,0.693,UN HDI
UZB,106, Uzbekistan,2000,0.599,UN HDI
UZB,106, Uzbekistan,2001,0.607,UN HDI
UZB,106, Uzbekistan,2002,0.614,UN HDI
UZB,106, Uzbekistan,2003,0.619,UN HDI
UZB,106, Uzbekistan,2004,0.626,UN HDI
UZB,106, Uzbekistan,2005,0.633,UN HDI
UZB,106, Uzbekistan,2006,0.637,UN HDI
UZB,106, Uzbekistan,2007,0.649,UN HDI
UZB,106, Uzbekistan,2008,0.653,UN HDI
UZB,106, Uzbekistan,2009,0.66,UN HDI
VNM,117, Viet Nam,2000,0.586,UN HDI
VNM,117, Viet Nam,2001,0.594,UN HDI
VNM,117, Viet Nam,2002,0.602,UN HDI
VNM,117, Viet Nam,2003,0.611,UN HDI
VNM,117, Viet Nam,2004,0.62,UN HDI
VNM,117, Viet Nam,2005,0.624,UN HDI
VNM,117, Viet Nam,2006,0.632,UN HDI
VNM,117, Viet Nam,2007,0.64,UN HDI
VNM,117, Viet Nam,2008,0.647,UN HDI
VNM,117, Viet Nam,2009,0.659,UN HDI
VUT,140, Vanuatu,2000,..,UN HDI
VUT,140, Vanuatu,2001,..,UN HDI
VUT,140, Vanuatu,2002,..,UN HDI
VUT,140, Vanuatu,2003,..,UN HDI
VUT,140, Vanuatu,2004,..,UN HDI
VUT,140, Vanuatu,2005,0.574,UN HDI
VUT,140, Vanuatu,2006,0.58,UN HDI
VUT,140, Vanuatu,2007,0.583,UN HDI
VUT,140, Vanuatu,2008,0.589,UN HDI
VUT,140, Vanuatu,2009,0.589,UN HDI
WSM,111, Samoa,2000,0.651,UN HDI
WSM,111, Samoa,2001,0.659,UN HDI
WSM,111, Samoa,2002,0.659,UN HDI
WSM,111, Samoa,2003,0.665,UN HDI
WSM,111, Samoa,2004,0.673,UN HDI
WSM,111, Samoa,2005,0.677,UN HDI
WSM,111, Samoa,2006,0.68,UN HDI
WSM,111, Samoa,2007,0.686,UN HDI
WSM,111, Samoa,2008,0.687,UN HDI
WSM,111, Samoa,2009,0.691,UN HDI
AFG,169, Afghanistan,2010,0.472,UN_HDI
AFG,169, Afghanistan,2011,0.477,UN_HDI
AFG,169, Afghanistan,2012,0.489,UN_HDI
AFG,169, Afghanistan,2013,0.496,UN_HDI
AFG,169, Afghanistan,2014,0.5,UN_HDI
AFG,169, Afghanistan,2015,0.5,UN_HDI
AFG,169, Afghanistan,2016,0.502,UN_HDI
AFG,169, Afghanistan,2017,0.506,UN_HDI
AFG,169, Afghanistan,2018,0.509,UN_HDI
AFG,169, Afghanistan,2019,0.511,UN_HDI
ARM,81, Armenia,2010,0.747,UN_HDI
ARM,81, Armenia,2011,0.751,UN_HDI
ARM,81, Armenia,2012,0.756,UN_HDI
ARM,81, Armenia,2013,0.762,UN_HDI
ARM,81, Armenia,2014,0.764,UN_HDI
ARM,81, Armenia,2015,0.768,UN_HDI
ARM,81, Armenia,2016,0.766,UN_HDI
ARM,81, Armenia,2017,0.769,UN_HDI
ARM,81, Armenia,2018,0.771,UN_HDI
ARM,81, Armenia,2019,0.776,UN_HDI
AUS,8, Australia,2010,0.93,UN_HDI
AUS,8, Australia,2011,0.932,UN_HDI
AUS,8, Australia,2012,0.937,UN_HDI
AUS,8, Australia,2013,0.931,UN_HDI
AUS,8, Australia,2014,0.933,UN_HDI
AUS,8, Australia,2015,0.938,UN_HDI
AUS,8, Australia,2016,0.939,UN_HDI
AUS,8, Australia,2017,0.941,UN_HDI
AUS,8, Australia,2018,0.943,UN_HDI
AUS,8, Australia,2019,0.944,UN_HDI
AZE,88, Azerbaijan,2010,0.726,UN_HDI
AZE,88, Azerbaijan,2011,0.727,UN_HDI
AZE,88, Azerbaijan,2012,0.73,UN_HDI
AZE,88, Azerbaijan,2013,0.735,UN_HDI
AZE,88, Azerbaijan,2014,0.74,UN_HDI
AZE,88, Azerbaijan,2015,0.744,UN_HDI
AZE,88, Azerbaijan,2016,0.751,UN_HDI
AZE,88, Azerbaijan,2017,0.754,UN_HDI
AZE,88, Azerbaijan,2018,0.754,UN_HDI
AZE,88, Azerbaijan,2019,0.756,UN_HDI
BGD,133, Bangladesh,2010,0.557,UN_HDI
BGD,133, Bangladesh,2011,0.566,UN_HDI
BGD,133, Bangladesh,2012,0.575,UN_HDI
BGD,133, Bangladesh,2013,0.579,UN_HDI
BGD,133, Bangladesh,2014,0.579,UN_HDI
BGD,133, Bangladesh,2015,0.595,UN_HDI
BGD,133, Bangladesh,2016,0.606,UN_HDI
BGD,133, Bangladesh,2017,0.616,UN_HDI
BGD,133, Bangladesh,2018,0.625,UN_HDI
BGD,133, Bangladesh,2019,0.632,UN_HDI
BTN,129, Bhutan,2010,0.574,UN_HDI
BTN,129, Bhutan,2011,0.585,UN_HDI
BTN,129, Bhutan,2012,0.597,UN_HDI
BTN,129, Bhutan,2013,0.61,UN_HDI
BTN,129, Bhutan,2014,0.618,UN_HDI
BTN,129, Bhutan,2015,0.628,UN_HDI
BTN,129, Bhutan,2016,0.637,UN_HDI
BTN,129, Bhutan,2017,0.646,UN_HDI
BTN,129, Bhutan,2018,0.649,UN_HDI
BTN,129, Bhutan,2019,0.654,UN_HDI
BRN,47, Brunei Darussalam,2010,0.827,UN_HDI
BRN,47, Brunei Darussalam,2011,0.831,UN_HDI
BRN,47, Brunei Darussalam,2012,0.839,UN_HDI
BRN,47, Brunei Darussalam,2013,0.839,UN_HDI
BRN,47, Brunei Darussalam,2014,0.838,UN_HDI
BRN,47, Brunei Darussalam,2015,0.838,UN_HDI
BRN,47, Brunei Darussalam,2016,0.839,UN_HDI
BRN,47, Brunei Darussalam,2017,0.838,UN_HDI
BRN,47, Brunei Darussalam,2018,0.836,UN_HDI
BRN,47, Brunei Darussalam,2019,0.838,UN_HDI
KHM,144, Cambodia,2010,0.539,UN_HDI
KHM,144, Cambodia,2011,0.546,UN_HDI
KHM,144, Cambodia,2012,0.552,UN_HDI
KHM,144, Cambodia,2013,0.559,UN_HDI
KHM,144, Cambodia,2014,0.565,UN_HDI
KHM,144, Cambodia,2015,0.57,UN_HDI
KHM,144, Cambodia,2016,0.576,UN_HDI
KHM,144, Cambodia,2017,0.582,UN_HDI
KHM,144, Cambodia,2018,0.585,UN_HDI
KHM,144, Cambodia,2019,0.594,UN_HDI
CHN,85, China,2010,0.699,UN_HDI
CHN,85, China,2011,0.707,UN_HDI
CHN,85, China,2012,0.716,UN_HDI
CHN,85, China,2013,0.724,UN_HDI
CHN,85, China,2014,0.731,UN_HDI
CHN,85, China,2015,0.739,UN_HDI
CHN,85, China,2016,0.746,UN_HDI
CHN,85, China,2017,0.75,UN_HDI
CHN,85, China,2018,0.755,UN_HDI
CHN,85, China,2019,0.761,UN_HDI
FJI,93, Fiji,2010,0.715,UN_HDI
FJI,93, Fiji,2011,0.719,UN_HDI
FJI,93, Fiji,2012,0.722,UN_HDI
FJI,93, Fiji,2013,0.728,UN_HDI
FJI,93, Fiji,2014,0.733,UN_HDI
FJI,93, Fiji,2015,0.737,UN_HDI
FJI,93, Fiji,2016,0.738,UN_HDI
FJI,93, Fiji,2017,0.74,UN_HDI
FJI,93, Fiji,2018,0.742,UN_HDI
FJI,93, Fiji,2019,0.743,UN_HDI
GEO,61, Georgia,2010,0.751,UN_HDI
GEO,61, Georgia,2011,0.757,UN_HDI
GEO,61, Georgia,2012,0.767,UN_HDI
GEO,61, Georgia,2013,0.775,UN_HDI
GEO,61, Georgia,2014,0.783,UN_HDI
GEO,61, Georgia,2015,0.79,UN_HDI
GEO,61, Georgia,2016,0.792,UN_HDI
GEO,61, Georgia,2017,0.799,UN_HDI
GEO,61, Georgia,2018,0.805,UN_HDI
GEO,61, Georgia,2019,0.812,UN_HDI
HKG,4," Hong Kong, China (SAR)",2010,0.904,UN_HDI
HKG,4," Hong Kong, China (SAR)",2011,0.907,UN_HDI
HKG,4," Hong Kong, China (SAR)",2012,0.914,UN_HDI
HKG,4," Hong Kong, China (SAR)",2013,0.918,UN_HDI
HKG,4," Hong Kong, China (SAR)",2014,0.926,UN_HDI
HKG,4," Hong Kong, China (SAR)",2015,0.93,UN_HDI
HKG,4," Hong Kong, China (SAR)",2016,0.936,UN_HDI
HKG,4," Hong Kong, China (SAR)",2017,0.941,UN_HDI
HKG,4," Hong Kong, China (SAR)",2018,0.946,UN_HDI
HKG,4," Hong Kong, China (SAR)",2019,0.949,UN_HDI
IND,131, India,2010,0.579,UN_HDI
IND,131, India,2011,0.588,UN_HDI
IND,131, India,2012,0.597,UN_HDI
IND,131, India,2013,0.604,UN_HDI
IND,131, India,2014,0.616,UN_HDI
IND,131, India,2015,0.624,UN_HDI
IND,131, India,2016,0.63,UN_HDI
IND,131, India,2017,0.64,UN_HDI
IND,131, India,2018,0.642,UN_HDI
IND,131, India,2019,0.645,UN_HDI
IDN,99, Indonesia,2010,0.665,UN_HDI
IDN,100, Indonesia,2011,0.673,UN_HDI
IDN,101, Indonesia,2012,0.681,UN_HDI
IDN,102, Indonesia,2013,0.687,UN_HDI
IDN,103, Indonesia,2014,0.69,UN_HDI
IDN,104, Indonesia,2015,0.695,UN_HDI
IDN,105, Indonesia,2016,0.703,UN_HDI
IDN,106, Indonesia,2017,0.707,UN_HDI
IDN,106, Indonesia,2018,0.712,UN_HDI
IDN,106, Indonesia,2019,0.718,UN_HDI
JPN,19, Japan,2010,0.887,UN_HDI
JPN,19, Japan,2011,0.892,UN_HDI
JPN,19, Japan,2012,0.897,UN_HDI
JPN,19, Japan,2013,0.902,UN_HDI
JPN,19, Japan,2014,0.906,UN_HDI
JPN,19, Japan,2015,0.908,UN_HDI
JPN,19, Japan,2016,0.912,UN_HDI
JPN,19, Japan,2017,0.915,UN_HDI
JPN,19, Japan,2018,0.917,UN_HDI
JPN,19, Japan,2019,0.919,UN_HDI
KAZ,51, Kazakhstan,2010,0.764,UN_HDI
KAZ,51, Kazakhstan,2011,0.772,UN_HDI
KAZ,51, Kazakhstan,2012,0.782,UN_HDI
KAZ,51, Kazakhstan,2013,0.791,UN_HDI
KAZ,51, Kazakhstan,2014,0.798,UN_HDI
KAZ,51, Kazakhstan,2015,0.806,UN_HDI
KAZ,51, Kazakhstan,2016,0.808,UN_HDI
KAZ,51, Kazakhstan,2017,0.815,UN_HDI
KAZ,51, Kazakhstan,2018,0.819,UN_HDI
KAZ,51, Kazakhstan,2019,0.825,UN_HDI
KOR,23, Korea (Republic of),2010,0.889,UN_HDI
KOR,23, Korea (Republic of),2011,0.895,UN_HDI
KOR,23, Korea (Republic of),2012,0.898,UN_HDI
KOR,23, Korea (Republic of),2013,0.901,UN_HDI
KOR,23, Korea (Republic of),2014,0.904,UN_HDI
KOR,23, Korea (Republic of),2015,0.907,UN_HDI
KOR,23, Korea (Republic of),2016,0.91,UN_HDI
KOR,23, Korea (Republic of),2017,0.912,UN_HDI
KOR,23, Korea (Republic of),2018,0.914,UN_HDI
KOR,23, Korea (Republic of),2019,0.916,UN_HDI
KGZ,120, Kyrgyzstan,2010,0.662,UN_HDI
KGZ,120, Kyrgyzstan,2011,0.664,UN_HDI
KGZ,120, Kyrgyzstan,2012,0.674,UN_HDI
KGZ,120, Kyrgyzstan,2013,0.68,UN_HDI
KGZ,120, Kyrgyzstan,2014,0.686,UN_HDI
KGZ,120, Kyrgyzstan,2015,0.69,UN_HDI
KGZ,120, Kyrgyzstan,2016,0.691,UN_HDI
KGZ,120, Kyrgyzstan,2017,0.694,UN_HDI
KGZ,120, Kyrgyzstan,2018,0.696,UN_HDI
KGZ,120, Kyrgyzstan,2019,0.697,UN_HDI
LAO,137, Lao People's Democratic Republic,2010,0.552,UN_HDI
LAO,137, Lao People's Democratic Republic,2011,0.565,UN_HDI
LAO,137, Lao People's Democratic Republic,2012,0.575,UN_HDI
LAO,137, Lao People's Democratic Republic,2013,0.582,UN_HDI
LAO,137, Lao People's Democratic Republic,2014,0.589,UN_HDI
LAO,137, Lao People's Democratic Republic,2015,0.598,UN_HDI
LAO,137, Lao People's Democratic Republic,2016,0.605,UN_HDI
LAO,137, Lao People's Democratic Republic,2017,0.608,UN_HDI
LAO,137, Lao People's Democratic Republic,2018,0.609,UN_HDI
LAO,137, Lao People's Democratic Republic,2019,0.613,UN_HDI
MYS,62, Malaysia,2010,0.772,UN_HDI
MYS,62, Malaysia,2011,0.778,UN_HDI
MYS,62, Malaysia,2012,0.781,UN_HDI
MYS,62, Malaysia,2013,0.785,UN_HDI
MYS,62, Malaysia,2014,0.791,UN_HDI
MYS,62, Malaysia,2015,0.796,UN_HDI
MYS,62, Malaysia,2016,0.8,UN_HDI
MYS,62, Malaysia,2017,0.805,UN_HDI
MYS,62, Malaysia,2018,0.805,UN_HDI
MYS,62, Malaysia,2019,0.81,UN_HDI
MDV,95, Maldives,2010,0.685,UN_HDI
MDV,95, Maldives,2011,0.697,UN_HDI
MDV,95, Maldives,2012,0.704,UN_HDI
MDV,95, Maldives,2013,0.709,UN_HDI
MDV,95, Maldives,2014,0.718,UN_HDI
MDV,95, Maldives,2015,0.724,UN_HDI
MDV,95, Maldives,2016,0.728,UN_HDI
MDV,95, Maldives,2017,0.731,UN_HDI
MDV,95, Maldives,2018,0.734,UN_HDI
MDV,95, Maldives,2019,0.74,UN_HDI
MHL,117, Marshall Islands,2010,..,UN_HDI
MHL,117, Marshall Islands,2011,..,UN_HDI
MHL,117, Marshall Islands,2012,..,UN_HDI
MHL,117, Marshall Islands,2013,..,UN_HDI
MHL,117, Marshall Islands,2014,..,UN_HDI
MHL,117, Marshall Islands,2015,..,UN_HDI
MHL,117, Marshall Islands,2016,..,UN_HDI
MHL,117, Marshall Islands,2017,0.699,UN_HDI
MHL,117, Marshall Islands,2018,0.702,UN_HDI
MHL,117, Marshall Islands,2019,0.704,UN_HDI
FSM,136,Micronesia(Federated States of),2010,0.601,UN_HDI
FSM,136,Micronesia(Federated States of),2011,0.604,UN_HDI
FSM,136,Micronesia(Federated States of),2012,0.605,UN_HDI
FSM,136,Micronesia(Federated States of),2013,0.605,UN_HDI
FSM,136,Micronesia(Federated States of),2014,0.604,UN_HDI
FSM,136,Micronesia(Federated States of),2015,0.612,UN_HDI
FSM,136,Micronesia(Federated States of),2016,0.614,UN_HDI
FSM,136,Micronesia(Federated States of),2017,0.616,UN_HDI
FSM,136,Micronesia(Federated States of),2018,0.618,UN_HDI
FSM,136,Micronesia(Federated States of),2019,0.62,UN_HDI
MNG,99,Mongolia,2010,0.696,UN_HDI
MNG,99,Mongolia,2011,0.71,UN_HDI
MNG,99,Mongolia,2012,0.718,UN_HDI
MNG,99,Mongolia,2013,0.727,UN_HDI
MNG,99,Mongolia,2014,0.732,UN_HDI
MNG,99,Mongolia,2015,0.735,UN_HDI
MNG,99,Mongolia,2016,0.729,UN_HDI
MNG,99,Mongolia,2017,0.728,UN_HDI
MNG,99,Mongolia,2018,0.735,UN_HDI
MNG,99,Mongolia,2019,0.737,UN_HDI
MMR,147,Myanmar,2010,0.515,UN_HDI
MMR,147,Myanmar,2011,0.526,UN_HDI
MMR,147,Myanmar,2012,0.533,UN_HDI
MMR,147,Myanmar,2013,0.543,UN_HDI
MMR,147,Myanmar,2014,0.55,UN_HDI
MMR,147,Myanmar,2015,0.557,UN_HDI
MMR,147,Myanmar,2016,0.563,UN_HDI
MMR,147,Myanmar,2017,0.572,UN_HDI
MMR,147,Myanmar,2018,0.579,UN_HDI
MMR,147,Myanmar,2019,0.583,UN_HDI
NPL,142,Nepal,2010,0.537,UN_HDI
NPL,142,Nepal,2011,0.545,UN_HDI
NPL,142,Nepal,2012,0.559,UN_HDI
NPL,142,Nepal,2013,0.568,UN_HDI
NPL,142,Nepal,2014,0.576,UN_HDI
NPL,142,Nepal,2015,0.583,UN_HDI
NPL,142,Nepal,2016,0.586,UN_HDI
NPL,142,Nepal,2017,0.588,UN_HDI
NPL,142,Nepal,2018,0.596,UN_HDI
NPL,142,Nepal,2019,0.602,UN_HDI
NZL,14,New Zealand,2010,0.906,UN_HDI
NZL,14,New Zealand,2011,0.909,UN_HDI
NZL,14,New Zealand,2012,0.911,UN_HDI
NZL,14,New Zealand,2013,0.914,UN_HDI
NZL,14,New Zealand,2014,0.916,UN_HDI
NZL,14,New Zealand,2015,0.921,UN_HDI
NZL,14,New Zealand,2016,0.924,UN_HDI
NZL,14,New Zealand,2017,0.926,UN_HDI
NZL,14,New Zealand,2018,0.928,UN_HDI
NZL,14,New Zealand,2019,0.931,UN_HDI
PAK,154,Pakistan,2010,0.512,UN_HDI
PAK,154,Pakistan,2011,0.516,UN_HDI
PAK,154,Pakistan,2012,0.519,UN_HDI
PAK,154,Pakistan,2013,0.523,UN_HDI
PAK,154,Pakistan,2014,0.53,UN_HDI
PAK,154,Pakistan,2015,0.536,UN_HDI
PAK,154,Pakistan,2016,0.542,UN_HDI
PAK,154,Pakistan,2017,0.55,UN_HDI
PAK,154,Pakistan,2018,0.552,UN_HDI
PAK,154,Pakistan,2019,0.557,UN_HDI
PLW,50,Palau,2010,0.786,UN_HDI
PLW,50,Palau,2011,0.793,UN_HDI
PLW,50,Palau,2012,0.795,UN_HDI
PLW,50,Palau,2013,0.821,UN_HDI
PLW,50,Palau,2014,0.825,UN_HDI
PLW,50,Palau,2015,0.82,UN_HDI
PLW,50,Palau,2016,0.822,UN_HDI
PLW,50,Palau,2017,0.822,UN_HDI
PLW,50,Palau,2018,0.822,UN_HDI
PLW,50,Palau,2019,0.826,UN_HDI
PNG,155,Papua New Guinea,2010,0.522,UN_HDI
PNG,155,Papua New Guinea,2011,0.53,UN_HDI
PNG,155,Papua New Guinea,2012,0.52,UN_HDI
PNG,155,Papua New Guinea,2013,0.537,UN_HDI
PNG,155,Papua New Guinea,2014,0.542,UN_HDI
PNG,155,Papua New Guinea,2015,0.548,UN_HDI
PNG,155,Papua New Guinea,2016,0.549,UN_HDI
PNG,155,Papua New Guinea,2017,0.549,UN_HDI
PNG,155,Papua New Guinea,2018,0.549,UN_HDI
PNG,155,Papua New Guinea,2019,0.555,UN_HDI
PHL,107,Philippines,2010,0.671,UN_HDI
PHL,107,Philippines,2011,0.676,UN_HDI
PHL,107,Philippines,2012,0.684,UN_HDI
PHL,107,Philippines,2013,0.691,UN_HDI
PHL,107,Philippines,2014,0.696,UN_HDI
PHL,107,Philippines,2015,0.701,UN_HDI
PHL,107,Philippines,2016,0.704,UN_HDI
PHL,107,Philippines,2017,0.708,UN_HDI
PHL,107,Philippines,2018,0.711,UN_HDI
PHL,107,Philippines,2019,0.718,UN_HDI
WSM,111, Samoa,2010,0.698,UN_HDI
WSM,111, Samoa,2011,0.701,UN_HDI
WSM,111, Samoa,2012,0.698,UN_HDI
WSM,111, Samoa,2013,0.7,UN_HDI
WSM,111, Samoa,2014,0.703,UN_HDI
WSM,111, Samoa,2015,0.707,UN_HDI
WSM,111, Samoa,2016,0.71,UN_HDI
WSM,111, Samoa,2017,0.71,UN_HDI
WSM,111, Samoa,2018,0.709,UN_HDI
WSM,111, Samoa,2019,0.715,UN_HDI
SGP,11, Singapore,2010,0.909,UN_HDI
SGP,11, Singapore,2011,0.913,UN_HDI
SGP,11, Singapore,2012,0.918,UN_HDI
SGP,11, Singapore,2013,0.921,UN_HDI
SGP,11, Singapore,2014,0.926,UN_HDI
SGP,11, Singapore,2015,0.931,UN_HDI
SGP,11, Singapore,2016,0.935,UN_HDI
SGP,11, Singapore,2017,0.933,UN_HDI
SGP,11, Singapore,2018,0.936,UN_HDI
SGP,11, Singapore,2019,0.938,UN_HDI
SLB,151, Solomon Islands,2010,0.537,UN_HDI
SLB,151, Solomon Islands,2011,0.541,UN_HDI
SLB,151, Solomon Islands,2012,0.553,UN_HDI
SLB,151, Solomon Islands,2013,0.558,UN_HDI
SLB,151, Solomon Islands,2014,0.559,UN_HDI
SLB,151, Solomon Islands,2015,0.563,UN_HDI
SLB,151, Solomon Islands,2016,0.561,UN_HDI
SLB,151, Solomon Islands,2017,0.562,UN_HDI
SLB,151, Solomon Islands,2018,0.564,UN_HDI
SLB,151, Solomon Islands,2019,0.567,UN_HDI
LKA,72, Sri Lanka,2010,0.754,UN_HDI
LKA,72, Sri Lanka,2011,0.76,UN_HDI
LKA,72, Sri Lanka,2012,0.766,UN_HDI
LKA,72, Sri Lanka,2013,0.769,UN_HDI
LKA,72, Sri Lanka,2014,0.773,UN_HDI
LKA,72, Sri Lanka,2015,0.776,UN_HDI
LKA,72, Sri Lanka,2016,0.773,UN_HDI
LKA,72, Sri Lanka,2017,0.775,UN_HDI
LKA,72, Sri Lanka,2018,0.779,UN_HDI
LKA,72, Sri Lanka,2019,0.782,UN_HDI
TJK,125, Tajikistan,2010,0.638,UN_HDI
TJK,125, Tajikistan,2011,0.636,UN_HDI
TJK,125, Tajikistan,2012,0.643,UN_HDI
TJK,125, Tajikistan,2013,0.653,UN_HDI
TJK,125, Tajikistan,2014,0.652,UN_HDI
TJK,125, Tajikistan,2015,0.652,UN_HDI
TJK,125, Tajikistan,2016,0.653,UN_HDI
TJK,125, Tajikistan,2017,0.657,UN_HDI
TJK,125, Tajikistan,2018,0.661,UN_HDI
TJK,125, Tajikistan,2019,0.668,UN_HDI
THA,79, Thailand,2010,0.724,UN_HDI
THA,79, Thailand,2011,0.733,UN_HDI
THA,79, Thailand,2012,0.737,UN_HDI
THA,79, Thailand,2013,0.734,UN_HDI
THA,79, Thailand,2014,0.742,UN_HDI
THA,79, Thailand,2015,0.749,UN_HDI
THA,79, Thailand,2016,0.756,UN_HDI
THA,79, Thailand,2017,0.765,UN_HDI
THA,79, Thailand,2018,0.772,UN_HDI
THA,79, Thailand,2019,0.777,UN_HDI
TLS,141, Timor-Leste,2010,0.628,UN_HDI
TLS,141, Timor-Leste,2011,0.644,UN_HDI
TLS,141, Timor-Leste,2012,0.639,UN_HDI
TLS,141, Timor-Leste,2013,0.63,UN_HDI
TLS,141, Timor-Leste,2014,0.62,UN_HDI
TLS,141, Timor-Leste,2015,0.61,UN_HDI
TLS,141, Timor-Leste,2016,0.598,UN_HDI
TLS,141, Timor-Leste,2017,0.599,UN_HDI
TLS,141, Timor-Leste,2018,0.599,UN_HDI
TLS,141, Timor-Leste,2019,0.606,UN_HDI
TON,104, Tonga,2010,0.699,UN_HDI
TON,104, Tonga,2011,0.704,UN_HDI
TON,104, Tonga,2012,0.708,UN_HDI
TON,104, Tonga,2013,0.708,UN_HDI
TON,104, Tonga,2014,0.707,UN_HDI
TON,104, Tonga,2015,0.72,UN_HDI
TON,104, Tonga,2016,0.722,UN_HDI
TON,104, Tonga,2017,0.723,UN_HDI
TON,104, Tonga,2018,0.723,UN_HDI
TON,104, Tonga,2019,0.725,UN_HDI
TKM,111, Turkmenistan,2010,0.666,UN_HDI
TKM,111, Turkmenistan,2011,0.673,UN_HDI
TKM,111, Turkmenistan,2012,0.679,UN_HDI
TKM,111, Turkmenistan,2013,0.685,UN_HDI
TKM,111, Turkmenistan,2014,0.689,UN_HDI
TKM,111, Turkmenistan,2015,0.694,UN_HDI
TKM,111, Turkmenistan,2016,0.699,UN_HDI
TKM,111, Turkmenistan,2017,0.701,UN_HDI
TKM,111, Turkmenistan,2018,0.71,UN_HDI
TKM,111, Turkmenistan,2019,0.715,UN_HDI
UZB,106, Uzbekistan,2010,0.669,UN_HDI
UZB,106, Uzbekistan,2011,0.676,UN_HDI
UZB,106, Uzbekistan,2012,0.685,UN_HDI
UZB,106, Uzbekistan,2013,0.692,UN_HDI
UZB,106, Uzbekistan,2014,0.696,UN_HDI
UZB,106, Uzbekistan,2015,0.701,UN_HDI
UZB,106, Uzbekistan,2016,0.705,UN_HDI
UZB,106, Uzbekistan,2017,0.713,UN_HDI
UZB,106, Uzbekistan,2018,0.717,UN_HDI
UZB,106, Uzbekistan,2019,0.72,UN_HDI
VUT,140, Vanuatu,2010,0.59,UN_HDI
VUT,140, Vanuatu,2011,0.591,UN_HDI
VUT,140, Vanuatu,2012,0.591,UN_HDI
VUT,140, Vanuatu,2013,0.593,UN_HDI
VUT,140, Vanuatu,2014,0.594,UN_HDI
VUT,140, Vanuatu,2015,0.598,UN_HDI
VUT,140, Vanuatu,2016,0.598,UN_HDI
VUT,140, Vanuatu,2017,0.601,UN_HDI
VUT,140, Vanuatu,2018,0.603,UN_HDI
VUT,140, Vanuatu,2019,0.609,UN_HDI
VNM,117, Viet Nam,2010,0.661,UN_HDI
VNM,117, Viet Nam,2011,0.671,UN_HDI
VNM,117, Viet Nam,2012,0.676,UN_HDI
VNM,117, Viet Nam,2013,0.681,UN_HDI
VNM,117, Viet Nam,2014,0.683,UN_HDI
VNM,117, Viet Nam,2015,0.688,UN_HDI
VNM,117, Viet Nam,2016,0.693,UN_HDI
VNM,117, Viet Nam,2017,0.696,UN_HDI
VNM,117, Viet Nam,2018,0.7,UN_HDI
VNM,117, Viet Nam,2019,0.704,UN_HDI