country_name,iso,year,value.Gini index (World Bank estimate),GDP per capita (constant 2015 US$),value.GDP (constant 2015 US$),data_source
Afghanistan,AFG,2001,,,,World Bank
Armenia,ARM,2001,35.4,1422.476654,4339529614,World Bank
Australia,AUS,2001,33.5,45864.76803,8.90373E+11,World Bank
Azerbaijan,AZE,2001,36.5,1614.792116,13097901809,World Bank
Bangladesh,BGD,2001,,674.1669727,87701511126,World Bank
Bhutan,BTN,2001,,1175.856829,709797744,World Bank
Brunei Darussalam,BRN,2001,,34291.13577,11660254935,World Bank
Cambodia,KHM,2001,,515.5754149,6395924923,World Bank
"Micronesia, Fed. Sts.",FSM,2001,,2963.872185,317638182,World Bank
Fiji,FJI,2001,,4174.11818,3397410791,World Bank
Georgia,GEO,2001,39.6,1667.508007,6693999119,World Bank
"Hong Kong SAR, China",HKG,2001,,26885.31624,1.80516E+11,World Bank
India,IND,2001,,780.606234,8.39152E+11,World Bank
Indonesia,IDN,2001,29,1909.291868,4.09405E+11,World Bank
Japan,JPN,2001,,31476.05207,4.00215E+12,World Bank
Kazakhstan,KAZ,2001,36,5055.313866,75113546953,World Bank
Kyrgyz Republic,KGZ,2001,30.2,749.4197807,3705955758,World Bank
Kiribati,KIR,2001,,1504.568264,129158158,World Bank
Lao PDR,LAO,2001,,973.8597549,5268176149,World Bank
Malaysia,MYS,2001,,6286.134861,1.49039E+11,World Bank
Maldives,MDV,2001,,6544.297913,1873691391,World Bank
Marshall Islands,MHL,2001,,3139.404019,161399900,World Bank
Mongolia,MNG,2001,,1624.223385,3929961156,World Bank
Myanmar,MMR,2001,,344.8804485,16287020222,World Bank
Nauru,NRU,2001,,,,World Bank
Nepal,NPL,2001,,579.4659856,14108323831,World Bank
New Zealand,NZL,2001,,31756.75696,1.23232E+11,World Bank
Pakistan,PAK,2001,30.4,1039.156104,1.51694E+11,World Bank
Palau,PLW,2001,,12335.81743,239191500,World Bank
Papua New Guinea,PNG,2001,,1841.639871,11003111296,World Bank
China,CHN,2001,,2359.568217,3.00102E+12,World Bank
Philippines,PHL,2001,,1846.931428,1.4715E+11,World Bank
"Korea, Rep.",KOR,2001,,17680.84549,8.37545E+11,World Bank
Samoa,WSM,2001,,3475.987268,609667310.9,World Bank
Singapore,SGP,2001,,33585.57781,1.38978E+11,World Bank
Solomon Islands,SLB,2001,,1737.157415,736466149,World Bank
Sri Lanka,LKA,2001,,1880.258949,35558943929,World Bank
Tajikistan,TJK,2001,,468.2610867,2958712359,World Bank
Thailand,THA,2001,,3605.368235,2.29082E+11,World Bank
Timor-Leste,TLS,2001,35.9,1075.037715,968839039.2,World Bank
Tonga,TON,2001,,3789.96165,373243003.3,World Bank
Turkmenistan,TKM,2001,,2362.553227,10782898471,World Bank
Tuvalu,TUV,2001,,2900.738643,27493200.86,World Bank
Uzbekistan,UZB,2001,,1313.192271,32783122799,World Bank
Vanuatu,VUT,2001,,2678.709047,506835860.1,World Bank
Vietnam,VNM,2001,,1005.79684,81210551328,World Bank
Afghanistan,AFG,2002,,319.8471073,7228792186,World Bank
Armenia,ARM,2002,34.8,1619.112189,4912347523,World Bank
Australia,AUS,2002,,47127.2781,9.26117E+11,World Bank
Azerbaijan,AZE,2002,25.3,1754.073606,14334201804,World Bank
Bangladesh,BGD,2002,,687.3833075,91063218745,World Bank
Bhutan,BTN,2002,,1278.877826,787820712.5,World Bank
Brunei Darussalam,BRN,2002,,34926.6281,12111751313,World Bank
Cambodia,KHM,2002,,539.3939329,6816708955,World Bank
"Micronesia, Fed. Sts.",FSM,2002,,2984.066221,319375655.5,World Bank
Fiji,FJI,2002,38.1,4300.641278,3506127906,World Bank
Georgia,GEO,2002,37.2,1774.636442,7060417706,World Bank
"Hong Kong SAR, China",HKG,2002,,27209.94693,1.83507E+11,World Bank
India,IND,2002,,796.7247856,8.71073E+11,World Bank
Indonesia,IDN,2002,31.7,1968.301128,4.27826E+11,World Bank
Japan,JPN,2002,,31416.12418,4.00383E+12,World Bank
Kazakhstan,KAZ,2002,34.8,5550.505632,82474674554,World Bank
Kyrgyz Republic,KGZ,2002,30.3,742.4436884,3705313715,World Bank
Kiribati,KIR,2002,,1535.368753,134049975.1,World Bank
Lao PDR,LAO,2002,32.6,1015.790113,5579985992,World Bank
Malaysia,MYS,2002,,6488.384664,1.57073E+11,World Bank
Maldives,MDV,2002,41.3,6832.022434,2009878520,World Bank
Marshall Islands,MHL,2002,,3197.345707,167438600,World Bank
Mongolia,MNG,2002,32.9,1684.619601,4115965371,World Bank
Myanmar,MMR,2002,,381.3893644,18193097628,World Bank
Nauru,NRU,2002,,,,World Bank
Nepal,NPL,2002,,571.2807672,14125274019,World Bank
New Zealand,NZL,2002,,32668.72451,1.28992E+11,World Bank
Pakistan,PAK,2002,,1039.783868,1.55499E+11,World Bank
Palau,PLW,2002,,12613.4355,247753100,World Bank
Papua New Guinea,PNG,2002,,1801.329726,10985627294,World Bank
China,CHN,2002,42,2557.887094,3.27512E+12,World Bank
Philippines,PHL,2002,,1875.724444,1.52619E+11,World Bank
"Korea, Rep.",KOR,2002,,18936.95165,9.02246E+11,World Bank
Samoa,WSM,2002,40.7,3606.095092,636151235.2,World Bank
Singapore,SGP,2002,,34583.25691,1.44418E+11,World Bank
Solomon Islands,SLB,2002,,1644.03912,715870530.3,World Bank
Sri Lanka,LKA,2002,40.2,1939.346218,36968740733,World Bank
Tajikistan,TJK,2002,,510.0862466,3278253405,World Bank
Thailand,THA,2002,41.9,3795.410729,2.43169E+11,World Bank
Timor-Leste,TLS,2002,,979.6479061,903920143.3,World Bank
Tonga,TON,2002,,3951.989658,391337871.9,World Bank
Turkmenistan,TKM,2002,,2345.029872,10810629921,World Bank
Tuvalu,TUV,2002,,3091.979841,29661362.61,World Bank
Uzbekistan,UZB,2002,33,1348.763795,34085756313,World Bank
Vanuatu,VUT,2002,,2477.679315,480488916.5,World Bank
Vietnam,VNM,2002,37,1058.985147,86343724900,World Bank
Afghanistan,AFG,2003,,332.2200097,7867259194,World Bank
Armenia,ARM,2003,33,1855.596827,5600076177,World Bank
Australia,AUS,2003,33.5,47997.13714,9.54922E+11,World Bank
Azerbaijan,AZE,2003,26.8,1918.543633,15797480128,World Bank
Bangladesh,BGD,2003,,707.605094,95379221373,World Bank
Bhutan,BTN,2003,40.9,1352.978958,849454309,World Bank
Brunei Darussalam,BRN,2003,,35277.80234,12463471178,World Bank
Cambodia,KHM,2003,,575.3292406,7396531099,World Bank
"Micronesia, Fed. Sts.",FSM,2003,,3034.523286,324396608.3,World Bank
Fiji,FJI,2003,,4339.277817,3541189162,World Bank
Georgia,GEO,2003,36.7,1984.244331,7841209756,World Bank
"Hong Kong SAR, China",HKG,2003,,28096.96195,1.89115E+11,World Bank
India,IND,2003,,845.2748445,9.39543E+11,World Bank
Indonesia,IDN,2003,31.9,2034.761462,4.48277E+11,World Bank
Japan,JPN,2003,,31830.21758,4.06529E+12,World Bank
Kazakhstan,KAZ,2003,33.7,6046.328017,90144819288,World Bank
Kyrgyz Republic,KGZ,2003,28.7,786.35182,3965808134,World Bank
Kiribati,KIR,2003,,1539.165384,136739452.8,World Bank
Lao PDR,LAO,2003,,1061.306426,5918523870,World Bank
Malaysia,MYS,2003,46.4,6727.671042,1.66166E+11,World Bank
Maldives,MDV,2003,,7553.291477,2286237818,World Bank
Marshall Islands,MHL,2003,,3081.137193,164733000,World Bank
Mongolia,MNG,2003,,1783.998762,4404273705,World Bank
Myanmar,MMR,2003,,426.9196058,20555712395,World Bank
Nauru,NRU,2003,,,,World Bank
Nepal,NPL,2003,43.8,585.406948,14682521414,World Bank
New Zealand,NZL,2003,,33487.62421,1.34861E+11,World Bank
Pakistan,PAK,2003,,1074.394079,1.64483E+11,World Bank
Palau,PLW,2003,,12097.11286,239668000,World Bank
Papua New Guinea,PNG,2003,,1803.42051,11223367529,World Bank
China,CHN,2003,,2797.171718,3.60388E+12,World Bank
Philippines,PHL,2003,46.6,1931.108801,1.60382E+11,World Bank
"Korea, Rep.",KOR,2003,,19431.97111,9.30642E+11,World Bank
Samoa,WSM,2003,,3746.184282,664876532.6,World Bank
Singapore,SGP,2003,,36688.89809,1.50968E+11,World Bank
Solomon Islands,SLB,2003,,1705.958607,762590792.8,World Bank
Sri Lanka,LKA,2003,,2037.282047,39164783407,World Bank
Tajikistan,TJK,2003,32.7,556.2689651,3638861249,World Bank
Thailand,THA,2003,,4037.971135,2.6065E+11,World Bank
Timor-Leste,TLS,2003,,933.5706988,884194144.5,World Bank
Tonga,TON,2003,,4020.143668,400370128,World Bank
Turkmenistan,TKM,2003,,2397.896383,11164010880,World Bank
Tuvalu,TUV,2003,,2948.641532,28672590.25,World Bank
Uzbekistan,UZB,2003,35.3,1389.587208,35528479368,World Bank
Vanuatu,VUT,2003,,2518.566,501093891.4,World Bank
Vietnam,VNM,2003,,1121.491894,92300633302,World Bank
Afghanistan,AFG,2004,,322.6680095,7978511521,World Bank
Armenia,ARM,2004,37.5,2062.203233,6188084175,World Bank
Australia,AUS,2004,33.1,49439.12229,9.95081E+11,World Bank
Azerbaijan,AZE,2004,26.6,2077.812262,17259347554,World Bank
Bangladesh,BGD,2004,,732.7488409,1.00377E+11,World Bank
Bhutan,BTN,2004,,1409.647999,900495828.8,World Bank
Brunei Darussalam,BRN,2004,,34850.14422,12526326738,World Bank
Cambodia,KHM,2004,,624.6039215,8161371526,World Bank
"Micronesia, Fed. Sts.",FSM,2004,,2948.723517,314404696.3,World Bank
Fiji,FJI,2004,,4559.281467,3728872177,World Bank
Georgia,GEO,2004,36.2,2112.261319,8295568369,World Bank
"Hong Kong SAR, China",HKG,2004,,30304.14436,2.05568E+11,World Bank
India,IND,2004,34.4,897.6282327,1.01398E+12,World Bank
Indonesia,IDN,2004,32.7,2108.641795,4.70829E+11,World Bank
Japan,JPN,2004,,32515.1158,4.15416E+12,World Bank
Kazakhstan,KAZ,2004,31.8,6580.885049,98798721941,World Bank
Kyrgyz Republic,KGZ,2004,34.8,831.4843246,4244478032,World Bank
Kiribati,KIR,2004,,1486.347483,134511474.5,World Bank
Lao PDR,LAO,2004,,1111.724543,6294805595,World Bank
Malaysia,MYS,2004,,7043.776166,1.77437E+11,World Bank
Maldives,MDV,2004,,7788.166946,2424183785,World Bank
Marshall Islands,MHL,2004,,3052.661723,166296800,World Bank
Mongolia,MNG,2004,,1951.713418,4872245665,World Bank
Myanmar,MMR,2004,,481.2338553,23370876272,World Bank
Nauru,NRU,2004,,3431.636941,33993795.54,World Bank
Nepal,NPL,2004,,604.6595802,15370045638,World Bank
New Zealand,NZL,2004,,34322.63335,1.40294E+11,World Bank
Pakistan,PAK,2004,32.5,1129.136851,1.76896E+11,World Bank
Palau,PLW,2004,,12653.25512,251306300,World Bank
Papua New Guinea,PNG,2004,,1814.341665,11528775084,World Bank
China,CHN,2004,,3061.827764,3.96836E+12,World Bank
Philippines,PHL,2004,,2017.674162,1.70918E+11,World Bank
"Korea, Rep.",KOR,2004,,20361.06925,9.79011E+11,World Bank
Samoa,WSM,2004,,3894.953875,695627077.3,World Bank
Singapore,SGP,2004,,39790.32515,1.65793E+11,World Bank
Solomon Islands,SLB,2004,,1773.68089,813319598.5,World Bank
Sri Lanka,LKA,2004,,2130.138957,41297329863,World Bank
Tajikistan,TJK,2004,33.6,602.4359602,4013663919,World Bank
Thailand,THA,2004,42.5,4262.518807,2.77044E+11,World Bank
Timor-Leste,TLS,2004,,913.4077496,887730944.3,World Bank
Tonga,TON,2004,,3898.84051,390718402.9,World Bank
Turkmenistan,TKM,2004,,2492.296398,11722256910,World Bank
Tuvalu,TUV,2004,,2865.452832,28284884.9,World Bank
Uzbekistan,UZB,2004,,1475.969665,38174996011,World Bank
Vanuatu,VUT,2004,,2552.747477,521074473.2,World Bank
Vietnam,VNM,2004,36.8,1194.960504,99256788025,World Bank
Afghanistan,AFG,2005,,345.9258138,8874475612,World Bank
Armenia,ARM,2005,36,2364.175935,7048227876,World Bank
Australia,AUS,2005,,50332.87484,1.02653E+12,World Bank
Azerbaijan,AZE,2005,26.6,2631.758979,22085326590,World Bank
Bangladesh,BGD,2005,33.2,769.1359804,1.06937E+11,World Bank
Bhutan,BTN,2005,,1489.211777,966117205.2,World Bank
Brunei Darussalam,BRN,2005,,34441.12261,12574867157,World Bank
Cambodia,KHM,2005,,696.3394218,9242760346,World Bank
"Micronesia, Fed. Sts.",FSM,2005,42.4,3022.795709,320824422.5,World Bank
Fiji,FJI,2005,,4570.285876,3754974298,World Bank
Georgia,GEO,2005,37.4,2329.570854,9091078042,World Bank
"Hong Kong SAR, China",HKG,2005,,32401.20688,2.20756E+11,World Bank
India,IND,2005,,953.567973,1.09432E+12,World Bank
Indonesia,IDN,2005,33,2199.093914,4.97632E+11,World Bank
Japan,JPN,2005,,33098.54747,4.2291E+12,World Bank
Kazakhstan,KAZ,2005,39.8,7155.343663,1.08382E+11,World Bank
Kyrgyz Republic,KGZ,2005,32.6,820.7159801,4237028319,World Bank
Kiribati,KIR,2005,,1529.175871,141171987.2,World Bank
Lao PDR,LAO,2005,,1172.217346,6742213206,World Bank
Malaysia,MYS,2005,,7274.971097,1.86898E+11,World Bank
Maldives,MDV,2005,,6589.127171,2105911400,World Bank
Marshall Islands,MHL,2005,,3080.342762,170210500,World Bank
Mongolia,MNG,2005,,2068.398544,5225662065,World Bank
Myanmar,MMR,2005,,542.2191403,26541589503,World Bank
Nauru,NRU,2005,,3347.246194,32963680.52,World Bank
Nepal,NPL,2005,,617.7939891,15904797353,World Bank
New Zealand,NZL,2005,,35064.49646,1.44953E+11,World Bank
Pakistan,PAK,2005,32.7,1175.437453,1.88427E+11,World Bank
Palau,PLW,2005,,13205.50445,261257700,World Bank
Papua New Guinea,PNG,2005,,1887.673184,12260252335,World Bank
China,CHN,2005,40.9,3390.71017,4.42054E+12,World Bank
Philippines,PHL,2005,,2077.767983,1.79366E+11,World Bank
"Korea, Rep.",KOR,2005,,21193.35751,1.02119E+12,World Bank
Samoa,WSM,2005,,4031.45271,724540744,World Bank
Singapore,SGP,2005,,41726.11407,1.77994E+11,World Bank
Solomon Islands,SLB,2005,46.1,1826.661574,858381153.4,World Bank
Sri Lanka,LKA,2005,,2244.821288,43875005142,World Bank
Tajikistan,TJK,2005,,630.781964,4282579342,World Bank
Thailand,THA,2005,,4412.444295,2.88645E+11,World Bank
Timor-Leste,TLS,2005,,918.7274453,914253242.7,World Bank
Tonga,TON,2005,,3875.163686,391035017.2,World Bank
Turkmenistan,TKM,2005,,2786.773872,13250139963,World Bank
Tuvalu,TUV,2005,,2722.395982,27215792.63,World Bank
Uzbekistan,UZB,2005,,1560.292008,40828160981,World Bank
Vanuatu,VUT,2005,,2621.912898,548719175.2,World Bank
Vietnam,VNM,2005,,1273.345509,1.06748E+11,World Bank
Afghanistan,AFG,2006,,353.720597,9349917057,World Bank
Armenia,ARM,2006,29.7,2697.018983,7978593955,World Bank
Australia,AUS,2006,,50948.22497,1.05452E+12,World Bank
Azerbaijan,AZE,2006,,3501.041807,29704764264,World Bank
Bangladesh,BGD,2006,,809.4736327,1.14072E+11,World Bank
Bhutan,BTN,2006,,1572.462107,1033742879,World Bank
Brunei Darussalam,BRN,2006,,35455.63564,13127874565,World Bank
Cambodia,KHM,2006,,759.6475658,10238305796,World Bank
"Micronesia, Fed. Sts.",FSM,2006,,3042.158192,320564377.4,World Bank
Fiji,FJI,2006,,4619.734029,3824534591,World Bank
Georgia,GEO,2006,36.9,2563.543091,9947436743,World Bank
"Hong Kong SAR, China",HKG,2006,,34457.83319,2.36281E+11,World Bank
India,IND,2006,,1014.627641,1.18253E+12,World Bank
Indonesia,IDN,2006,34.3,2289.422012,5.25006E+11,World Bank
Japan,JPN,2006,,33531.51856,4.28714E+12,World Bank
Kazakhstan,KAZ,2006,30.2,7837.629145,1.19979E+11,World Bank
Kyrgyz Republic,KGZ,2006,37.4,837.1337991,4368499017,World Bank
Kiribati,KIR,2006,37,1495.663562,141102396.1,World Bank
Lao PDR,LAO,2006,,1252.693903,7323342511,World Bank
Malaysia,MYS,2006,44.8,7531.364872,1.97336E+11,World Bank
Maldives,MDV,2006,,8109.574119,2655796319,World Bank
Marshall Islands,MHL,2006,,3041.572671,169613300,World Bank
Mongolia,MNG,2006,,2216.922881,5672781982,World Bank
Myanmar,MMR,2006,,609.9960293,30073444131,World Bank
Nauru,NRU,2006,,3668.874079,36054025.57,World Bank
Nepal,NPL,2006,,630.6874562,16439932517,World Bank
New Zealand,NZL,2006,,35637.60724,1.49129E+11,World Bank
Pakistan,PAK,2006,,1216.555531,1.99543E+11,World Bank
Palau,PLW,2006,,13312.7603,260197900,World Bank
Papua New Guinea,PNG,2006,,1944.296233,12923525132,World Bank
China,CHN,2006,,3800.759082,4.98287E+12,World Bank
Philippines,PHL,2006,47.2,2149.329938,1.88902E+11,World Bank
"Korea, Rep.",KOR,2006,31.7,22192.18512,1.07495E+12,World Bank
Samoa,WSM,2006,,4084.642141,738805562.6,World Bank
Singapore,SGP,2006,,44082.29215,1.94022E+11,World Bank
Solomon Islands,SLB,2006,,1871.027827,900125293.2,World Bank
Sri Lanka,LKA,2006,39.7,2398.43236,47239468607,World Bank
Tajikistan,TJK,2006,,661.9430059,4582360034,World Bank
Thailand,THA,2006,41.8,4603.752447,3.02985E+11,World Bank
Timor-Leste,TLS,2006,,862.4159146,876591445,World Bank
Tonga,TON,2006,,3838.741973,390453801.1,World Bank
Turkmenistan,TKM,2006,,3056.916879,14704118675,World Bank
Tuvalu,TUV,2006,,2747.373162,27797921.65,World Bank
Uzbekistan,UZB,2006,,1656.222593,43870438111,World Bank
Vanuatu,VUT,2006,,2776.24735,595169130.6,World Bank
Vietnam,VNM,2006,35.8,1349.563698,1.14197E+11,World Bank
Afghanistan,AFG,2007,,392.7104656,10642666467,World Bank
Armenia,ARM,2007,31.2,3093.36934,9071661327,World Bank
Australia,AUS,2007,,52538.97558,1.09426E+12,World Bank
Azerbaijan,AZE,2007,,4326.961571,37130955330,World Bank
Bangladesh,BGD,2007,,856.0459472,1.22124E+11,World Bank
Bhutan,BTN,2007,38.1,1840.271602,1223546901,World Bank
Brunei Darussalam,BRN,2007,,35064.8667,13148167871,World Bank
Cambodia,KHM,2007,,824.8493502,11283900343,World Bank
"Micronesia, Fed. Sts.",FSM,2007,,3012.947104,314678221.4,World Bank
Fiji,FJI,2007,,4534.882858,3792001023,World Bank
Georgia,GEO,2007,38.1,2901.104094,11198720178,World Bank
"Hong Kong SAR, China",HKG,2007,,36371.45588,2.51556E+11,World Bank
India,IND,2007,,1075.994087,1.27313E+12,World Bank
Indonesia,IDN,2007,35.7,2402.667542,5.58318E+11,World Bank
Japan,JPN,2007,,33990.03603,4.35076E+12,World Bank
Kazakhstan,KAZ,2007,30.1,8438.104645,1.30657E+11,World Bank
Kyrgyz Republic,KGZ,2007,33.9,900.0255139,4741694418,World Bank
Kiribati,KIR,2007,,1491.476887,143973755.4,World Bank
Lao PDR,LAO,2007,35.4,1325.441644,7879684304,World Bank
Malaysia,MYS,2007,,7850.426535,2.09766E+11,World Bank
Maldives,MDV,2007,,8534.904233,2860660922,World Bank
Marshall Islands,MHL,2007,,3124.085573,175092500,World Bank
Mongolia,MNG,2007,35.8,2411.166549,6254129607,World Bank
Myanmar,MMR,2007,,681.8170593,33832770892,World Bank
Nauru,NRU,2007,,2824.812659,27813105.44,World Bank
Nepal,NPL,2007,,644.3944018,17000790724,World Bank
New Zealand,NZL,2007,,36375.78281,1.53644E+11,World Bank
Pakistan,PAK,2007,31.6,1246.579612,2.09186E+11,World Bank
Palau,PLW,2007,,13855.4674,265456900,World Bank
Papua New Guinea,PNG,2007,,2046.488498,13933523076,World Bank
China,CHN,2007,,4319.023769,5.69198E+12,World Bank
Philippines,PHL,2007,,2250.609385,2.01217E+11,World Bank
"Korea, Rep.",KOR,2007,,23360.90574,1.13729E+12,World Bank
Samoa,WSM,2007,,4314.96396,785517614.1,World Bank
Singapore,SGP,2007,,46098.42873,2.11527E+11,World Bank
Solomon Islands,SLB,2007,,1910.480958,940210725.5,World Bank
Sri Lanka,LKA,2007,,2542.593553,50450253148,World Bank
Tajikistan,TJK,2007,32.2,699.4219212,4939784122,World Bank
Thailand,THA,2007,39.8,4826.871477,3.19452E+11,World Bank
Timor-Leste,TLS,2007,27.8,932.6149467,966550939.4,World Bank
Tonga,TON,2007,,3816.764995,391512302.9,World Bank
Turkmenistan,TKM,2007,,3353.144774,16330291194,World Bank
Tuvalu,TUV,2007,,2892.968657,29563246.7,World Bank
Uzbekistan,UZB,2007,,1787.490213,48026287041,World Bank
Vanuatu,VUT,2007,,2789.798616,612260363.5,World Bank
Vietnam,VNM,2007,,1432.205814,1.22338E+11,World Bank
Afghanistan,AFG,2008,,398.9711165,11060389404,World Bank
Armenia,ARM,2008,29.2,3335.244164,9697605959,World Bank
Australia,AUS,2008,35.4,53338.60278,1.1334E+12,World Bank
Azerbaijan,AZE,2008,,4692.912192,41125866703,World Bank
Bangladesh,BGD,2008,,897.1890238,1.29468E+11,World Bank
Bhutan,BTN,2008,,1909.245906,1282270552,World Bank
Brunei Darussalam,BRN,2008,,33981.33703,12893130934,World Bank
Cambodia,KHM,2008,,867.1214601,12038971277,World Bank
"Micronesia, Fed. Sts.",FSM,2008,,2965.738151,307099219.8,World Bank
Fiji,FJI,2008,40.4,4532.013247,3831164590,World Bank
Georgia,GEO,2008,38.5,2980.309535,11469569250,World Bank
"Hong Kong SAR, China",HKG,2008,,36923.8554,2.56909E+11,World Bank
India,IND,2008,,1093.076551,1.31242E+12,World Bank
Indonesia,IDN,2008,35.2,2513.671592,5.91894E+11,World Bank
Japan,JPN,2008,34.8,33557.6454,4.29749E+12,World Bank
Kazakhstan,KAZ,2008,28.5,8554.823573,1.34969E+11,World Bank
Kyrgyz Republic,KGZ,2008,31.5,966.4153604,5140073377,World Bank
Kiribati,KIR,2008,,1427.325186,140962635.4,World Bank
Lao PDR,LAO,2008,,1405.123505,8496261938,World Bank
Malaysia,MYS,2008,45.5,8073.934416,2.19902E+11,World Bank
Maldives,MDV,2008,,9119.296448,3132004126,World Bank
Marshall Islands,MHL,2008,,2924.767653,164272500,World Bank
Mongolia,MNG,2008,,2587.777933,6810770154,World Bank
Myanmar,MMR,2008,,752.6491477,37579502495,World Bank
Nauru,NRU,2008,,3440.667565,33993795.54,World Bank
Nepal,NPL,2008,,676.4507099,18038627649,World Bank
New Zealand,NZL,2008,,35666.1902,1.51931E+11,World Bank
Pakistan,PAK,2008,,1239.420494,2.12745E+11,World Bank
Palau,PLW,2008,,13369.06136,250108400,World Bank
Papua New Guinea,PNG,2008,,1991.372961,13892216053,World Bank
China,CHN,2008,43,4711.635127,6.24129E+12,World Bank
Philippines,PHL,2008,,2309.726212,2.09959E+11,World Bank
"Korea, Rep.",KOR,2008,32.3,23882.7305,1.17156E+12,World Bank
Samoa,WSM,2008,42,4329.372926,793444176.2,World Bank
Singapore,SGP,2008,,44526.02174,2.15479E+11,World Bank
Solomon Islands,SLB,2008,,1976.315144,994809848.8,World Bank
Sri Lanka,LKA,2008,,2674.746321,53452087680,World Bank
Tajikistan,TJK,2008,,739.262575,5330026982,World Bank
Thailand,THA,2008,40.3,4884.417785,3.24965E+11,World Bank
Timor-Leste,TLS,2008,,1020.104008,1076646332,World Bank
Tonga,TON,2008,,3966.85949,410109801.5,World Bank
Turkmenistan,TKM,2008,,3794.922165,18730843999,World Bank
Tuvalu,TUV,2008,,3094.848068,31923357.82,World Bank
Uzbekistan,UZB,2008,,1917.849372,52362657829,World Bank
Vanuatu,VUT,2008,,2877.459988,646565259.4,World Bank
Vietnam,VNM,2008,35.6,1498.838365,1.29265E+11,World Bank
Afghanistan,AFG,2009,,472.8422916,13426265140,World Bank
Armenia,ARM,2009,28,2884.33947,8330243518,World Bank
Australia,AUS,2009,,53225.95104,1.15456E+12,World Bank
Azerbaijan,AZE,2009,,5023.790765,44949076754,World Bank
Bangladesh,BGD,2009,,931.9865061,1.36E+11,World Bank
Bhutan,BTN,2009,,2017.903478,1368802449,World Bank
Brunei Darussalam,BRN,2009,,32991.82358,12665627056,World Bank
Cambodia,KHM,2009,,854.9557547,12049408699,World Bank
"Micronesia, Fed. Sts.",FSM,2009,,3014.985957,310456119,World Bank
Fiji,FJI,2009,,4425.848024,3778063204,World Bank
Georgia,GEO,2009,38.2,2897.130877,11050871062,World Bank
"Hong Kong SAR, China",HKG,2009,,35938.36813,2.50591E+11,World Bank
India,IND,2009,35.4,1162.498808,1.41561E+12,World Bank
Indonesia,IDN,2009,35.1,2595.298759,6.19292E+11,World Bank
Japan,JPN,2009,,31651.08377,4.05283E+12,World Bank
Kazakhstan,KAZ,2009,28.2,8487.54483,1.36589E+11,World Bank
Kyrgyz Republic,KGZ,2009,29.9,982.3771732,5288431036,World Bank
Kiribati,KIR,2009,,1407.877867,142094297.4,World Bank
Lao PDR,LAO,2009,,1485.476562,9133632385,World Bank
Malaysia,MYS,2009,,7808.658008,2.16573E+11,World Bank
Maldives,MDV,2009,38.4,8222.044459,2905596513,World Bank
Marshall Islands,MHL,2009,,3013.133055,169503800,World Bank
Mongolia,MNG,2009,,2514.916555,6724368796,World Bank
Myanmar,MMR,2009,,825.6948861,41491470232,World Bank
Nauru,NRU,2009,,3728.923136,37084140.59,World Bank
Nepal,NPL,2009,,701.4083396,18856332840,World Bank
New Zealand,NZL,2009,,35263.67132,1.51725E+11,World Bank
Pakistan,PAK,2009,,1246.367912,2.18769E+11,World Bank
Palau,PLW,2009,,12773.3789,233625100,World Bank
Papua New Guinea,PNG,2009,41.9,2076.615061,14836945298,World Bank
China,CHN,2009,,5128.895068,6.82789E+12,World Bank
Philippines,PHL,2009,46.3,2304.836545,2.13E+11,World Bank
"Korea, Rep.",KOR,2009,,23948.47224,1.18085E+12,World Bank
Samoa,WSM,2009,,4092.554482,755293207.3,World Bank
Singapore,SGP,2009,,43255.4559,2.1574E+11,World Bank
Solomon Islands,SLB,2009,,1980.355223,1020243364,World Bank
Sri Lanka,LKA,2009,36.1,2750.201906,55343710053,World Bank
Tajikistan,TJK,2009,30.8,751.9463107,5537898095,World Bank
Thailand,THA,2009,39.6,4826.321427,3.22721E+11,World Bank
Timor-Leste,TLS,2009,,1103.863055,1185864626,World Bank
Tonga,TON,2009,37.5,3742.049778,388787745.8,World Bank
Turkmenistan,TKM,2009,,3968.373007,19873425505,World Bank
Tuvalu,TUV,2009,,2929.822607,30508242.81,World Bank
Uzbekistan,UZB,2009,,2037.581498,56578340499,World Bank
Vanuatu,VUT,2009,,2893.465354,666203037,World Bank
Vietnam,VNM,2009,,1564.347486,1.36243E+11,World Bank
Afghanistan,AFG,2010,,526.1036756,15354604612,World Bank
Armenia,ARM,2010,30,2958.838999,8513508876,World Bank
Australia,AUS,2010,34.7,53542.83372,1.17964E+12,World Bank
Azerbaijan,AZE,2010,,5215.020912,47218530722,World Bank
Bangladesh,BGD,2010,32.1,972.9096877,1.43578E+11,World Bank
Bhutan,BTN,2010,,2235.322677,1532318166,World Bank
Brunei Darussalam,BRN,2010,,33437.12173,12994802365,World Bank
Cambodia,KHM,2010,,892.1004421,12767924407,World Bank
"Micronesia, Fed. Sts.",FSM,2010,,3084.75391,317470533.4,World Bank
Fiji,FJI,2010,,4523.866264,3889692596,World Bank
Georgia,GEO,2010,39.5,3100.723427,11741493897,World Bank
"Hong Kong SAR, China",HKG,2010,,38089.77894,2.6755E+11,World Bank
India,IND,2010,,1244.366016,1.5359E+12,World Bank
Indonesia,IDN,2010,36.4,2720.191622,6.57835E+11,World Bank
Japan,JPN,2010,32.1,32942.20208,4.21891E+12,World Bank
Kazakhstan,KAZ,2010,28,8979.332284,1.4656E+11,World Bank
Kyrgyz Republic,KGZ,2010,30.1,966.15073,5263492562,World Bank
Kiribati,KIR,2010,,1367.740107,140781489.2,World Bank
Lao PDR,LAO,2010,,1586.20293,9912448589,World Bank
Malaysia,MYS,2010,,8247.782262,2.32654E+11,World Bank
Maldives,MDV,2010,,8521.838105,3116691850,World Bank
Marshall Islands,MHL,2010,,3208.023279,180807400,World Bank
Mongolia,MNG,2010,33.1,2629.648326,7152385742,World Bank
Myanmar,MMR,2010,,902.541871,45669365074,World Bank
Nauru,NRU,2010,,4116.754986,41204600.65,World Bank
Nepal,NPL,2010,32.8,731.6618133,19764532017,World Bank
New Zealand,NZL,2010,,35406.67675,1.54044E+11,World Bank
Pakistan,PAK,2010,29.8,1238.873484,2.22284E+11,World Bank
Palau,PLW,2010,,13040.5425,234129900,World Bank
Papua New Guinea,PNG,2010,,2235.096323,16339698489,World Bank
China,CHN,2010,43.7,5647.058752,7.5541E+12,World Bank
Philippines,PHL,2010,,2433.008524,2.28622E+11,World Bank
"Korea, Rep.",KOR,2010,32,25451.00416,1.2612E+12,World Bank
Samoa,WSM,2010,,4080.918359,758822283.3,World Bank
Singapore,SGP,2010,,48668.57662,2.47077E+11,World Bank
Solomon Islands,SLB,2010,,2099.330817,1108154864,World Bank
Sri Lanka,LKA,2010,,2950.390721,59780043793,World Bank
Tajikistan,TJK,2010,,783.5193787,5897861421,World Bank
Thailand,THA,2010,39.4,5163.597664,3.46968E+11,World Bank
Timor-Leste,TLS,2010,,1185.623103,1296499019,World Bank
Tonga,TON,2010,,3769.069514,391911617.2,World Bank
Turkmenistan,TKM,2010,,4265.948601,21701780649,World Bank
Tuvalu,TUV,2010,39.1,2820.600923,29675542.31,World Bank
Uzbekistan,UZB,2010,,2131.357731,60876692057,World Bank
Vanuatu,VUT,2010,37.6,2855.868093,674601737.5,World Bank
Vietnam,VNM,2010,39.3,1648.2618,1.44994E+11,World Bank
Afghanistan,AFG,2011,,511.9985148,15420069703,World Bank
Armenia,ARM,2011,29.4,3098.742304,8913643793,World Bank
Australia,AUS,2011,,54108.11106,1.20878E+12,World Bank
Azerbaijan,AZE,2011,,5152.657444,47265749253,World Bank
Bangladesh,BGD,2011,,1024.021957,1.52859E+11,World Bank
Bhutan,BTN,2011,,2386.621111,1654637257,World Bank
Brunei Darussalam,BRN,2011,,34244.2069,13481499083,World Bank
Cambodia,KHM,2011,,940.1118195,13670561754,World Bank
"Micronesia, Fed. Sts.",FSM,2011,,3166.743858,327593318.7,World Bank
Fiji,FJI,2011,,4626.683325,3994914344,World Bank
Georgia,GEO,2011,39.6,3356.997868,12610364430,World Bank
"Hong Kong SAR, China",HKG,2011,,39656.07762,2.80432E+11,World Bank
India,IND,2011,35.7,1292.821206,1.6164E+12,World Bank
Indonesia,IDN,2011,39.7,2849.354985,6.98422E+11,World Bank
Japan,JPN,2011,,33011.13423,4.21991E+12,World Bank
Kazakhstan,KAZ,2011,28,9506.734053,1.57405E+11,World Bank
Kyrgyz Republic,KGZ,2011,27.8,1011.315529,5577000617,World Bank
Kiribati,KIR,2011,,1365.598885,143025999.2,World Bank
Lao PDR,LAO,2011,,1687.147369,10709275903,World Bank
Malaysia,MYS,2011,43.9,8550.154638,2.4497E+11,World Bank
Maldives,MDV,2011,,8892.911397,3383690536,World Bank
Marshall Islands,MHL,2011,,3179.185833,179700300,World Bank
Mongolia,MNG,2011,33.9,3028.16166,8389088853,World Bank
Myanmar,MMR,2011,,962.9954522,49103727463,World Bank
Nauru,NRU,2011,,4501.446094,45325060.72,World Bank
Nepal,NPL,2011,,755.9141324,20440840356,World Bank
New Zealand,NZL,2011,,35930.70084,1.5752E+11,World Bank
Pakistan,PAK,2011,30.9,1245.737437,2.28394E+11,World Bank
Palau,PLW,2011,,14073.60829,249778400,World Bank
Papua New Guinea,PNG,2011,,2210.952146,16520667778,World Bank
China,CHN,2011,42.4,6152.686005,8.27558E+12,World Bank
Philippines,PHL,2011,,2484.489204,2.37443E+11,World Bank
"Korea, Rep.",KOR,2011,,26186.89754,1.30769E+12,World Bank
Samoa,WSM,2011,,4213.825349,789961624.3,World Bank
Singapore,SGP,2011,,50685.2962,2.62737E+11,World Bank
Solomon Islands,SLB,2011,,2195.183955,1188740406,World Bank
Sri Lanka,LKA,2011,,3176.920341,64804396874,World Bank
Tajikistan,TJK,2011,,822.9032077,6334303201,World Bank
Thailand,THA,2011,37.5,5182.042369,3.49883E+11,World Bank
Timor-Leste,TLS,2011,,1234.078226,1373719114,World Bank
Tonga,TON,2011,,4042.500178,418633233.5,World Bank
Turkmenistan,TKM,2011,,4810.896166,24891942389,World Bank
Tuvalu,TUV,2011,,3002.629633,31905942.48,World Bank
Uzbekistan,UZB,2011,,2231.052724,65457748297,World Bank
Vanuatu,VUT,2011,,2867.286018,695769890.6,World Bank
Vietnam,VNM,2011,,1733.311285,1.54042E+11,World Bank
Afghanistan,AFG,2012,,557.9496921,17386481261,World Bank
Armenia,ARM,2012,29.6,3312.980008,9555426146,World Bank
Australia,AUS,2012,,55254.60621,1.25613E+12,World Bank
Azerbaijan,AZE,2012,,5194.738377,48289165893,World Bank
Bangladesh,BGD,2012,,1078.287546,1.62828E+11,World Bank
Bhutan,BTN,2012,38.8,2479.151723,1739328224,World Bank
Brunei Darussalam,BRN,2012,,34096.90756,13604563824,World Bank
Cambodia,KHM,2012,,992.5498342,14670337168,World Bank
"Micronesia, Fed. Sts.",FSM,2012,,3076.165405,321477741.9,World Bank
Fiji,FJI,2012,,4683.226283,4051295145,World Bank
Georgia,GEO,2012,39,3597.203764,13413519588,World Bank
"Hong Kong SAR, China",HKG,2012,,39887.57824,2.852E+11,World Bank
India,IND,2012,,1346.67591,1.7046E+12,World Bank
Indonesia,IDN,2012,39.7,2980.61011,7.40538E+11,World Bank
Japan,JPN,2012,,33518.44494,4.27793E+12,World Bank
Kazakhstan,KAZ,2012,28.2,9823.693897,1.6496E+11,World Bank
Kyrgyz Republic,KGZ,2012,27.4,993.7374233,5572084480,World Bank
Kiribati,KIR,2012,,1408.134127,149767737.6,World Bank
Lao PDR,LAO,2012,36,1795.137631,11568812929,World Bank
Malaysia,MYS,2012,,8888.702522,2.58378E+11,World Bank
Maldives,MDV,2012,,8732.629171,3468871018,World Bank
Marshall Islands,MHL,2012,,3095.919735,175575800,World Bank
Mongolia,MNG,2012,33.8,3335.793592,9422609487,World Bank
Myanmar,MMR,2012,,1017.014364,52288474434,World Bank
Nauru,NRU,2012,34.8,4979.837786,50475635.8,World Bank
Nepal,NPL,2012,,790.9881496,21348105727,World Bank
New Zealand,NZL,2012,,36534.93666,1.6105E+11,World Bank
Pakistan,PAK,2012,,1262.299215,2.36404E+11,World Bank
Palau,PLW,2012,,14400.69181,253956200,World Bank
Papua New Guinea,PNG,2012,,2265.764413,17290055034,World Bank
China,CHN,2012,42.2,6591.650851,8.92635E+12,World Bank
Philippines,PHL,2012,46.5,2610.967768,2.53819E+11,World Bank
"Korea, Rep.",KOR,2012,31.6,26675.44017,1.3391E+12,World Bank
Samoa,WSM,2012,,4007.084965,757695689,World Bank
Singapore,SGP,2012,,51663.4924,2.74459E+11,World Bank
Solomon Islands,SLB,2012,37.1,2177.540987,1210856506,World Bank
Sri Lanka,LKA,2012,38.7,3462.936684,70730481765,World Bank
Tajikistan,TJK,2012,,864.700443,6809375908,World Bank
Thailand,THA,2012,39.3,5531.349019,3.75224E+11,World Bank
Timor-Leste,TLS,2012,,1271.304649,1440390710,World Bank
Tonga,TON,2012,,4108.384743,422079015,World Bank
Turkmenistan,TKM,2012,,5249.704149,27654947984,World Bank
Tuvalu,TUV,2012,,2855.743733,30682110.67,World Bank
Uzbekistan,UZB,2012,,2354.593655,70106848794,World Bank
Vanuatu,VUT,2012,,2816.766696,702797374.6,World Bank
Vietnam,VNM,2012,35.6,1805.36117,1.62125E+11,World Bank
Afghanistan,AFG,2013,,568.9645435,18360253681,World Bank
Armenia,ARM,2013,30.6,3406.536118,9870755209,World Bank
Australia,AUS,2013,,55723.94823,1.28879E+12,World Bank
Azerbaijan,AZE,2013,,5425.905285,51094670309,World Bank
Bangladesh,BGD,2013,,1129.993548,1.72619E+11,World Bank
Bhutan,BTN,2013,,2500.864512,1776201506,World Bank
Brunei Darussalam,BRN,2013,,32924.99003,13315326918,World Bank
Cambodia,KHM,2013,,1048.132495,15749584749,World Bank
"Micronesia, Fed. Sts.",FSM,2013,40.1,2923.359712,309648107.5,World Bank
Fiji,FJI,2013,36.7,4901.89758,4243092349,World Bank
Georgia,GEO,2013,38.6,3738.70504,13899264090,World Bank
"Hong Kong SAR, China",HKG,2013,,40959.7278,2.94046E+11,World Bank
India,IND,2013,,1415.828722,1.81345E+12,World Bank
Indonesia,IDN,2013,40,3104.348,7.81691E+11,World Bank
Japan,JPN,2013,32.9,34239.88625,4.3637E+12,World Bank
Kazakhstan,KAZ,2013,27.1,10264.29807,1.74858E+11,World Bank
Kyrgyz Republic,KGZ,2013,28.8,1080.54823,6180303659,World Bank
Kiribati,KIR,2013,,1446.700944,156080224.7,World Bank
Lao PDR,LAO,2013,,1910.531051,12497360587,World Bank
Malaysia,MYS,2013,41.3,9179.366821,2.70506E+11,World Bank
Maldives,MDV,2013,,8954.556592,3721442083,World Bank
Marshall Islands,MHL,2013,,3207.812692,182630400,World Bank
Mongolia,MNG,2013,,3650.601509,10520241369,World Bank
Myanmar,MMR,2013,,1088.059541,56418568204,World Bank
Nauru,NRU,2013,,6458.401356,65927361.04,World Bank
Nepal,NPL,2013,,821.0732055,22100659153,World Bank
New Zealand,NZL,2013,,37232.66132,1.65391E+11,World Bank
Pakistan,PAK,2013,30.7,1290.368627,2.46797E+11,World Bank
Palau,PLW,2013,,13938.18667,245353900,World Bank
Papua New Guinea,PNG,2013,,2304.891636,17951390360,World Bank
China,CHN,2013,39.7,7056.410627,9.61958E+12,World Bank
Philippines,PHL,2013,,2740.456489,2.70953E+11,World Bank
"Korea, Rep.",KOR,2013,,27394.65031,1.38148E+12,World Bank
Samoa,WSM,2013,38.7,3959.383204,755101889.6,World Bank
Singapore,SGP,2013,,53292.61327,2.87735E+11,World Bank
Solomon Islands,SLB,2013,,2232.352768,1275407875,World Bank
Sri Lanka,LKA,2013,,3552.698559,73132299827,World Bank
Tajikistan,TJK,2013,,907.3781037,7313269707,World Bank
Thailand,THA,2013,37.8,5654.28542,3.85309E+11,World Bank
Timor-Leste,TLS,2013,,1287.263638,1484585707,World Bank
Tonga,TON,2013,,4160.415859,423397201.1,World Bank
Turkmenistan,TKM,2013,,5679.019269,30475752707,World Bank
Tuvalu,TUV,2013,,2957.542334,32086376.78,World Bank
Uzbekistan,UZB,2013,,2487.244416,75222230329,World Bank
Vanuatu,VUT,2013,,2751.320903,706090742.5,World Bank
Vietnam,VNM,2013,,1883.308537,1.70915E+11,World Bank
Afghanistan,AFG,2014,,565.1792733,18860486755,World Bank
Armenia,ARM,2014,31.5,3511.225059,10226102396,World Bank
Australia,AUS,2014,34.4,56305.97909,1.32182E+12,World Bank
Azerbaijan,AZE,2014,,5505.988236,52500032808,World Bank
Bangladesh,BGD,2014,,1184.863283,1.83082E+11,World Bank
Bhutan,BTN,2014,,2612.886268,1878803710,World Bank
Brunei Darussalam,BRN,2014,,31678.93731,12981331573,World Bank
Cambodia,KHM,2014,,1104.74997,16874510038,World Bank
"Micronesia, Fed. Sts.",FSM,2014,,2815.497529,302508316.5,World Bank
Fiji,FJI,2014,,5171.527699,4480854660,World Bank
Georgia,GEO,2014,37.6,3902.568799,14515269026,World Bank
"Hong Kong SAR, China",HKG,2014,,41796.58925,3.02168E+11,World Bank
India,IND,2014,,1503.421507,1.94783E+12,World Bank
Indonesia,IDN,2014,39.4,3217.317468,8.20828E+11,World Bank
Japan,JPN,2014,,34386.90586,4.37663E+12,World Bank
Kazakhstan,KAZ,2014,27,10539.04468,1.82202E+11,World Bank
Kyrgyz Republic,KGZ,2014,26.8,1101.705332,6429001466,World Bank
Kiribati,KIR,2014,,1416.906891,154991194.1,World Bank
Lao PDR,LAO,2014,,2025.47216,13448655106,World Bank
Malaysia,MYS,2014,,9601.178003,2.86755E+11,World Bank
Maldives,MDV,2014,,9181.711739,3994209877,World Bank
Marshall Islands,MHL,2014,,3163.436686,180894800,World Bank
Mongolia,MNG,2014,32,3860.325723,11349786122,World Bank
Myanmar,MMR,2014,,1167.630993,61044701090,World Bank
Nauru,NRU,2014,,8109.565198,83439316.32,World Bank
Nepal,NPL,2014,,870.7816903,23429236486,World Bank
New Zealand,NZL,2014,,38015.92958,1.71699E+11,World Bank
Pakistan,PAK,2014,,1322.720641,2.58334E+11,World Bank
Palau,PLW,2014,,14796.94184,260796100,World Bank
Papua New Guinea,PNG,2014,,2564.913845,20382685493,World Bank
China,CHN,2014,39.2,7532.771996,1.03339E+13,World Bank
Philippines,PHL,2014,,2866.822056,2.88153E+11,World Bank
"Korea, Rep.",KOR,2014,31.2,28094.9177,1.42572E+12,World Bank
Samoa,WSM,2014,,3930.370569,755495830.9,World Bank
Singapore,SGP,2014,,54676.70442,2.99066E+11,World Bank
Solomon Islands,SLB,2014,,2195.302099,1288815761,World Bank
Sri Lanka,LKA,2014,,3694.300426,76760174258,World Bank
Tajikistan,TJK,2014,,945.5254403,7803258828,World Bank
Thailand,THA,2014,37,5685.402121,3.89102E+11,World Bank
Timor-Leste,TLS,2014,28.7,1321.235802,1551570803,World Bank
Tonga,TON,2014,,4275.702784,431944322.4,World Bank
Turkmenistan,TKM,2014,,6149.426054,33614755226,World Bank
Tuvalu,TUV,2014,,2963.53825,32518905.21,World Bank
Uzbekistan,UZB,2014,,2613.748262,80392884913,World Bank
Vanuatu,VUT,2014,,2759.370937,728164877.9,World Bank
Vietnam,VNM,2014,34.8,1975.079058,1.81142E+11,World Bank
Afghanistan,AFG,2015,,556.0072209,19134211764,World Bank
Armenia,ARM,2015,32.4,3607.289299,10553337673,World Bank
Australia,AUS,2015,,56707.02208,1.35053E+12,World Bank
Azerbaijan,AZE,2015,,5500.310382,53074370486,World Bank
Bangladesh,BGD,2015,,1248.45331,1.95079E+11,World Bank
Bhutan,BTN,2015,,2752.630172,2003598213,World Bank
Brunei Darussalam,BRN,2015,,31164.03625,12930394938,World Bank
Cambodia,KHM,2015,,1162.904995,18049954289,World Bank
"Micronesia, Fed. Sts.",FSM,2015,,2906.617012,316489900,World Bank
Fiji,FJI,2015,,5390.714207,4682546863,World Bank
Georgia,GEO,2015,36.5,4014.185944,14953950557,World Bank
"Hong Kong SAR, China",HKG,2015,,42431.88828,3.09384E+11,World Bank
India,IND,2015,,1605.605445,2.10359E+12,World Bank
Indonesia,IDN,2015,39.7,3331.695115,8.60854E+11,World Bank
Japan,JPN,2015,,34960.63938,4.44493E+12,World Bank
Kazakhstan,KAZ,2015,26.8,10510.77189,1.84388E+11,World Bank
Kyrgyz Republic,KGZ,2015,29,1121.082835,6678178340,World Bank
Kiribati,KIR,2015,,1542.616465,171117816.7,World Bank
Lao PDR,LAO,2015,,2140.044323,14426381187,World Bank
Malaysia,MYS,2015,41.1,9955.242722,3.01355E+11,World Bank
Maldives,MDV,2015,,9033.41027,4109424800,World Bank
Marshall Islands,MHL,2015,,3199.886846,183814300,World Bank
Mongolia,MNG,2015,,3875.321675,11619892396,World Bank
Myanmar,MMR,2015,38.1,1196.743357,63045306514,World Bank
Nauru,NRU,2015,,8341.012278,86529661.37,World Bank
Nepal,NPL,2015,,901.7496077,24360795410,World Bank
New Zealand,NZL,2015,,38630.72659,1.78064E+11,World Bank
Pakistan,PAK,2015,32.6,1356.667831,2.70556E+11,World Bank
Palau,PLW,2015,,15876.46193,280457700,World Bank
Papua New Guinea,PNG,2015,,2679.346579,21723531173,World Bank
China,CHN,2015,38.6,8016.431435,1.10616E+13,World Bank
Philippines,PHL,2015,44.6,3001.043182,3.06446E+11,World Bank
"Korea, Rep.",KOR,2015,,28732.23108,1.46577E+12,World Bank
Samoa,WSM,2015,,4071.926959,787958585.9,World Bank
Singapore,SGP,2015,,55646.61875,3.08004E+11,World Bank
Solomon Islands,SLB,2015,,2167.119928,1307061544,World Bank
Sri Lanka,LKA,2015,,3843.780672,80604080689,World Bank
Tajikistan,TJK,2015,34,978.4049812,8271454301,World Bank
Thailand,THA,2015,36,5840.053067,4.01296E+11,World Bank
Timor-Leste,TLS,2015,,1332.791856,1594410900,World Bank
Tonga,TON,2015,37.6,4336.239603,437006227.2,World Bank
Turkmenistan,TKM,2015,,6432.685325,35799714286,World Bank
Tuvalu,TUV,2015,,3197.772252,35492074.22,World Bank
Uzbekistan,UZB,2015,,2753.971072,86196265192,World Bank
Vanuatu,VUT,2015,,2695.666186,730870581.7,World Bank
Vietnam,VNM,2015,,2085.101349,1.93241E+11,World Bank
Afghanistan,AFG,2016,,552.9969077,19566705070,World Bank
Armenia,ARM,2016,32.5,3601.469664,10574444348,World Bank
Australia,AUS,2016,,57358.7828,1.38756E+12,World Bank
Azerbaijan,AZE,2016,,5270.552968,51429065001,World Bank
Bangladesh,BGD,2016,32.4,1322.694812,2.08956E+11,World Bank
Bhutan,BTN,2016,,2940.69997,2166431312,World Bank
Brunei Darussalam,BRN,2016,,30038.73449,12609990391,World Bank
Cambodia,KHM,2016,,1224.220428,19301414292,World Bank
"Micronesia, Fed. Sts.",FSM,2016,,2897.417594,319338880.1,World Bank
Fiji,FJI,2016,,5498.661935,4797065664,World Bank
Georgia,GEO,2016,36.6,4128.385603,15388577976,World Bank
"Hong Kong SAR, China",HKG,2016,,43084.76508,3.16096E+11,World Bank
India,IND,2016,,1719.318076,2.27727E+12,World Bank
Indonesia,IDN,2016,38.6,3456.928114,9.04182E+11,World Bank
Japan,JPN,2016,,35264.81336,4.47844E+12,World Bank
Kazakhstan,KAZ,2016,27.2,10476.34757,1.86417E+11,World Bank
Kyrgyz Republic,KGZ,2016,26.8,1146.103221,6967734531,World Bank
Kiribati,KIR,2016,,1598.782266,179909369.7,World Bank
Lao PDR,LAO,2016,,2255.311879,15439522315,World Bank
Malaysia,MYS,2016,,10258.04151,3.14764E+11,World Bank
Maldives,MDV,2016,31.3,9190.003255,4369892498,World Bank
Marshall Islands,MHL,2016,,3226.240082,186228256.2,World Bank
Mongolia,MNG,2016,32.3,3858.515184,11793003750,World Bank
Myanmar,MMR,2016,,1313.40763,69669969115,World Bank
Nauru,NRU,2016,,8556.426047,89620006.42,World Bank
Nepal,NPL,2016,,897.403788,24466305357,World Bank
New Zealand,NZL,2016,,39181.69283,1.84706E+11,World Bank
Pakistan,PAK,2016,,1402.087871,2.85509E+11,World Bank
Palau,PLW,2016,,15815.77492,280223900,World Bank
Papua New Guinea,PNG,2016,,2770.395138,22916060308,World Bank
China,CHN,2016,38.5,8516.513699,1.18191E+13,World Bank
Philippines,PHL,2016,,3167.502416,3.28355E+11,World Bank
"Korea, Rep.",KOR,2016,31.4,29461.78401,1.50897E+12,World Bank
Samoa,WSM,2016,,4379.510977,851990065.4,World Bank
Singapore,SGP,2016,,56757.91827,3.18258E+11,World Bank
Solomon Islands,SLB,2016,,2234.146102,1383914993,World Bank
Sri Lanka,LKA,2016,39.3,3972.10259,84220491206,World Bank
Tajikistan,TJK,2016,,1020.616156,8842184616,World Bank
Thailand,THA,2016,36.9,6018.177484,4.15082E+11,World Bank
Timor-Leste,TLS,2016,,1351.924438,1648386597,World Bank
Tonga,TON,2016,,4604.588637,465721908.5,World Bank
Turkmenistan,TKM,2016,,6714.377521,38019296559,World Bank
Tuvalu,TUV,2016,,3255.801319,36569160.42,World Bank
Uzbekistan,UZB,2016,,2867.051128,91309557627,World Bank
Vanuatu,VUT,2016,,2749.073922,765138748.6,World Bank
Vietnam,VNM,2016,35.3,2191.819699,2.05243E+11,World Bank
Afghanistan,AFG,2017,,553.3550517,20084636379,World Bank
Armenia,ARM,2017,33.6,3860.218058,11367527675,World Bank
Australia,AUS,2017,,57695.57126,1.41942E+12,World Bank
Azerbaijan,AZE,2017,,5229.526137,51531923131,World Bank
Bangladesh,BGD,2017,,1403.861692,2.24176E+11,World Bank
Bhutan,BTN,2017,37.4,3040.937003,2267210115,World Bank
Brunei Darussalam,BRN,2017,,30101.5288,12777527045,World Bank
Cambodia,KHM,2017,,1289.985814,20651915663,World Bank
"Micronesia, Fed. Sts.",FSM,2017,,2941.873325,327904142.7,World Bank
Fiji,FJI,2017,,5759.658669,5053870096,World Bank
Georgia,GEO,2017,37.9,4327.727585,16133785749,World Bank
"Hong Kong SAR, China",HKG,2017,,44384.76858,3.28079E+11,World Bank
India,IND,2017,,1816.730876,2.43202E+12,World Bank
Indonesia,IDN,2017,38.1,3589.715543,9.50022E+11,World Bank
Japan,JPN,2017,,35914.64127,4.55347E+12,World Bank
Kazakhstan,KAZ,2017,27.5,10758.52088,1.9406E+11,World Bank
Kyrgyz Republic,KGZ,2017,27.3,1177.438736,7298000774,World Bank
Kiribati,KIR,2017,,1590.060067,181510126.8,World Bank
Lao PDR,LAO,2017,,2373.597379,16503696158,World Bank
Malaysia,MYS,2017,,10707.7483,3.33061E+11,World Bank
Maldives,MDV,2017,,9437.906316,4684957820,World Bank
Marshall Islands,MHL,2017,,3312.175215,192281707.8,World Bank
Mongolia,MNG,2017,,4000.83782,12457760794,World Bank
Myanmar,MMR,2017,30.7,1380.152827,73676037276,World Bank
Nauru,NRU,2017,,7986.1427,84469431.34,World Bank
Nepal,NPL,2017,,964.8977952,26662713937,World Bank
New Zealand,NZL,2017,,39758.26432,1.9138E+11,World Bank
Pakistan,PAK,2017,,1449.533515,3.01367E+11,World Bank
Palau,PLW,2017,,15218.25706,271021939.9,World Bank
Papua New Guinea,PNG,2017,,2811.797465,23726053855,World Bank
China,CHN,2017,,9053.212733,1.26402E+13,World Bank
Philippines,PHL,2017,,3338.441533,3.51114E+11,World Bank
"Korea, Rep.",KOR,2017,,30307.39524,1.55665E+12,World Bank
Samoa,WSM,2017,,4406.635495,860871497.1,World Bank
Singapore,SGP,2017,,59271.05682,3.32644E+11,World Bank
Solomon Islands,SLB,2017,,2292.133554,1457865704,World Bank
Sri Lanka,LKA,2017,,4067.993065,87234043286,World Bank
Tajikistan,TJK,2017,,1066.406748,9469979848,World Bank
Thailand,THA,2017,36.5,6247.992078,4.32422E+11,World Bank
Timor-Leste,TLS,2017,,1285.139874,1597763000,World Bank
Tonga,TON,2017,,4717.507547,481195204.8,World Bank
Turkmenistan,TKM,2017,,7032.457913,40490550854,World Bank
Tuvalu,TUV,2017,,3349.433201,38066308.32,World Bank
Uzbekistan,UZB,2017,,2943.099222,95322863451,World Bank
Vanuatu,VUT,2017,,2849.263512,813461883.5,World Bank
Vietnam,VNM,2017,,2317.369069,2.19225E+11,World Bank
Afghanistan,AFG,2018,,546.7430101,20323488525,World Bank
Armenia,ARM,2018,34.4,4051.384967,11958639114,World Bank
Australia,AUS,2018,,58447.25265,1.46017E+12,World Bank
Azerbaijan,AZE,2018,,5262.183805,52304901978,World Bank
Bangladesh,BGD,2018,,1498.387892,2.41805E+11,World Bank
Bhutan,BTN,2018,,3097.148351,2336476327,World Bank
Brunei Darussalam,BRN,2018,,29802.78288,12784201743,World Bank
Cambodia,KHM,2018,,1365.829057,22194442188,World Bank
"Micronesia, Fed. Sts.",FSM,2018,,2917.242219,328598163.6,World Bank
Fiji,FJI,2018,,5938.427556,5246541361,World Bank
Georgia,GEO,2018,36.4,4539.087522,16915132067,World Bank
"Hong Kong SAR, China",HKG,2018,,45284.85959,3.37417E+11,World Bank
India,IND,2018,,1915.435271,2.5909E+12,World Bank
Indonesia,IDN,2018,37.8,3732.867111,9.99179E+11,World Bank
Japan,JPN,2018,,36188.62003,4.57891E+12,World Bank
Kazakhstan,KAZ,2018,27.8,11053.36206,2.02016E+11,World Bank
Kyrgyz Republic,KGZ,2018,27.7,1197.610724,7572253084,World Bank
Kiribati,KIR,2018,,1626.041214,188363866.3,World Bank
Lao PDR,LAO,2018,38.8,2483.161575,17534840493,World Bank
Malaysia,MYS,2018,,11075.57648,3.49191E+11,World Bank
Maldives,MDV,2018,,9822.53964,5065522983,World Bank
Marshall Islands,MHL,2018,,3409.492912,199155300,World Bank
Mongolia,MNG,2018,32.7,4233.972689,13422599496,World Bank
Myanmar,MMR,2018,,1459.643006,78394970758,World Bank
Nauru,NRU,2018,,8392.958084,89620006.42,World Bank
Nepal,NPL,2018,,1021.331877,28695046274,World Bank
New Zealand,NZL,2018,,40304.36143,1.97516E+11,World Bank
Pakistan,PAK,2018,31.6,1502.891343,3.18956E+11,World Bank
Palau,PLW,2018,,15115.36775,270731351.7,World Bank
Papua New Guinea,PNG,2018,,2749.117778,23659798307,World Bank
China,CHN,2018,,9619.192484,1.34934E+13,World Bank
Philippines,PHL,2018,42.3,3500.933789,3.73379E+11,World Bank
"Korea, Rep.",KOR,2018,,31040.65545,1.6019E+12,World Bank
Samoa,WSM,2018,,4335.207382,850255553.4,World Bank
Singapore,SGP,2018,,61056.58403,3.44278E+11,World Bank
Solomon Islands,SLB,2018,,2321.136002,1515367566,World Bank
Sri Lanka,LKA,2018,,4157.283876,90088341600,World Bank
Tajikistan,TJK,2018,,1119.642848,10189698258,World Bank
Thailand,THA,2018,36.4,6489.257186,4.50539E+11,World Bank
Timor-Leste,TLS,2018,,1251.426645,1586777700,World Bank
Tonga,TON,2018,,4676.778221,482638835.7,World Bank
Turkmenistan,TKM,2018,,7349.459106,43000964983,World Bank
Tuvalu,TUV,2018,,3391.392093,39017966.03,World Bank
Uzbekistan,UZB,2018,,3047.308384,1.00427E+11,World Bank
Vanuatu,VUT,2018,,2860.012476,837054151.3,World Bank
Vietnam,VNM,2018,35.7,2456.791224,2.34736E+11,World Bank
Afghanistan,AFG,2019,,555.1389963,21118462797,World Bank
Armenia,ARM,2019,29.9,4350.466198,12867495686,World Bank
Australia,AUS,2019,,58781.04666,1.49103E+12,World Bank
Azerbaijan,AZE,2019,,5348.26526,53612524527,World Bank
Bangladesh,BGD,2019,,1603.953646,2.61519E+11,World Bank
Bhutan,BTN,2019,,3238.060464,2470944512,World Bank
Brunei Darussalam,BRN,2019,,30646.10925,13278836553,World Bank
Cambodia,KHM,2019,,1441.179228,23760061873,World Bank
"Micronesia, Fed. Sts.",FSM,2019,,2921.145867,332458532.3,World Bank
Fiji,FJI,2019,,5869.021144,5223164712,World Bank
Georgia,GEO,2019,35.9,4773.423309,17757903230,World Bank
"Hong Kong SAR, China",HKG,2019,,44189.69253,3.3175E+11,World Bank
India,IND,2019,,1972.757821,2.69561E+12,World Bank
Indonesia,IDN,2019,38.2,3877.382977,1.04932E+12,World Bank
Japan,JPN,2019,,36362.35732,4.59129E+12,World Bank
Kazakhstan,KAZ,2019,,11402.76011,2.11107E+11,World Bank
Kyrgyz Republic,KGZ,2019,29.7,1226.824464,7920624103,World Bank
Kiribati,KIR,2019,,1664.511519,195759870.7,World Bank
Lao PDR,LAO,2019,,2579.253661,18491845636,World Bank
Malaysia,MYS,2019,,11414.5787,3.64693E+11,World Bank
Maldives,MDV,2019,,10197.09284,5414217823,World Bank
Marshall Islands,MHL,2019,,3612.602269,212388500,World Bank
Mongolia,MNG,2019,,4394.988134,14174566300,World Bank
Myanmar,MMR,2019,,1548.45663,83686992016,World Bank
Nauru,NRU,2019,,8325.901748,89620006.42,World Bank
Nepal,NPL,2019,,1069.789098,30605291409,World Bank
New Zealand,NZL,2019,,40315.47098,2.00743E+11,World Bank
Pakistan,PAK,2019,,1489.653604,3.22607E+11,World Bank
Palau,PLW,2019,,14754.604,265597626.6,World Bank
Papua New Guinea,PNG,2019,,2816.718774,24719859153,World Bank
China,CHN,2019,,10155.41756,1.42962E+13,World Bank
Philippines,PHL,2019,,3664.79067,3.96225E+11,World Bank
"Korea, Rep.",KOR,2019,,31674.31152,1.63785E+12,World Bank
Samoa,WSM,2019,,4502.926351,887495263.4,World Bank
Singapore,SGP,2019,,61173.90477,3.4891E+11,World Bank
Solomon Islands,SLB,2019,,2289.586843,1533613349,World Bank
Sri Lanka,LKA,2019,,4225.106303,92119992735,World Bank
Tajikistan,TJK,2019,,1174.091716,10943735892,World Bank
Thailand,THA,2019,34.9,6617.542822,4.6075E+11,World Bank
Timor-Leste,TLS,2019,,1466.814821,1896767581,World Bank
Tonga,TON,2019,,4652.588587,486181549.6,World Bank
Turkmenistan,TKM,2019,,7692.578707,45710025777,World Bank
Tuvalu,TUV,2019,,3674.354085,42824596.87,World Bank
Uzbekistan,UZB,2019,,3161.415381,1.06161E+11,World Bank
Vanuatu,VUT,2019,,2900.488144,869804185.7,World Bank
Vietnam,VNM,2019,,2604.224166,2.51209E+11,World Bank
Afghanistan,AFG,2020,,529.7412103,20621946476,World Bank
Armenia,ARM,2020,,4021.046264,11915301005,World Bank
Australia,AUS,2020,,58043.58066,1.49097E+12,World Bank
Azerbaijan,AZE,2020,,5083.381639,51307185973,World Bank
Bangladesh,BGD,2020,,1643.67331,2.70696E+11,World Bank
Bhutan,BTN,2020,,2879.638619,2221963714,World Bank
Brunei Darussalam,BRN,2020,,30696.87715,13429361906,World Bank
Cambodia,KHM,2020,,1376.412027,23012192756,World Bank
"Micronesia, Fed. Sts.",FSM,2020,,2839.388103,326589259,World Bank
Fiji,FJI,2020,,4911.083471,4402511311,World Bank
Georgia,GEO,2020,,4458.102011,16557390869,World Bank
"Hong Kong SAR, China",HKG,2020,,41644.31644,3.11574E+11,World Bank
India,IND,2020,,1811.684238,2.50013E+12,World Bank
Indonesia,IDN,2020,,3756.907174,1.0276E+12,World Bank
Japan,JPN,2020,,34813.21561,4.38076E+12,World Bank
Kazakhstan,KAZ,2020,,10974.96367,2.05829E+11,World Bank
Kyrgyz Republic,KGZ,2020,,1098.085364,7238139485,World Bank
Kiribati,KIR,2020,,1606.980027,191947336.3,World Bank
Lao PDR,LAO,2020,,2554.425463,18584865506,World Bank
Malaysia,MYS,2020,,10631.50739,3.44099E+11,World Bank
Maldives,MDV,2020,,6660.833299,3600460153,World Bank
Marshall Islands,MHL,2020,,3508.798189,207699800,World Bank
Mongolia,MNG,2020,,4126.699124,13528524725,World Bank
Myanmar,MMR,2020,,1586.90232,86343028345,World Bank
Nauru,NRU,2020,,8367.188613,90650121.43,World Bank
Nepal,NPL,2020,,1028.463277,29966137024,World Bank
New Zealand,NZL,2020,,40218.39102,2.04482E+11,World Bank
Pakistan,PAK,2020,,1446.811977,3.1959E+11,World Bank
Palau,PLW,2020,,13250.89961,239735275.7,World Bank
Papua New Guinea,PNG,2020,,2666.211255,23854664082,World Bank
China,CHN,2020,,10370.35929,1.46318E+13,World Bank
Philippines,PHL,2020,,3269.670767,3.58294E+11,World Bank
"Korea, Rep.",KOR,2020,,31361.08387,1.6239E+12,World Bank
Samoa,WSM,2020,,4357.068633,864485987.5,World Bank
Singapore,SGP,2020,,58056.80642,3.301E+11,World Bank
Solomon Islands,SLB,2020,,2136.337563,1467403273,World Bank
Sri Lanka,LKA,2020,,4052.746934,88832160056,World Bank
Tajikistan,TJK,2020,,1199.059889,11436203955,World Bank
Thailand,THA,2020,,6198.414269,4.32649E+11,World Bank
Timor-Leste,TLS,2020,,1587.857159,2093497569,World Bank
Tonga,TON,2020,,4629.881391,489364573.4,World Bank
Turkmenistan,TKM,2020,,,,World Bank
Tuvalu,TUV,2020,,3791.458542,44708879.13,World Bank
Uzbekistan,UZB,2020,,3154.408224,1.07982E+11,World Bank
Vanuatu,VUT,2020,,2638.892416,810535805.6,World Bank
Vietnam,VNM,2020,,2655.767774,2.58509E+11,World Bank